alpha,beta,gamma,n_a,n_ok,n_capped,n_timeout,timeout_frac,timeout_warning,mean_fitness,std_fitness,mean_mei,std_mei,mean_ncf,std_ncf,mean_dissipation,std_dissipation,pareto_front
0.3,0.4,-0.2,200.0,100,0,0,0.0,False,0.05054903,0.10613817,0.14509736,0.3398086,0.10770956,0.24196989,1.97482637,2.63775685,True
0.3,0.4,-0.2,350.0,100,0,0,0.0,False,0.05054903,0.10613817,0.14509736,0.3398086,0.10770956,0.24196989,1.97482637,2.63775685,True
0.3,0.4,-0.2,500.0,100,0,0,0.0,False,0.05054903,0.10613817,0.14509736,0.3398086,0.10770956,0.24196989,1.97482637,2.63775685,True
0.3,0.4,-0.2,750.0,100,0,0,0.0,False,0.05054903,0.10613817,0.14509736,0.3398086,0.10770956,0.24196989,1.97482637,2.63775685,True
0.3,0.4,-0.2,1000.0,100,0,0,0.0,False,0.05054903,0.10613817,0.14509736,0.3398086,0.10770956,0.24196989,1.97482637,2.63775685,True
0.3,0.4,-0.1,200.0,100,0,0,0.0,False,0.05965282,0.11476177,0.23023868,0.48468721,0.15040776,0.28489968,2.65087521,3.56260295,True
0.3,0.4,-0.1,350.0,100,0,0,0.0,False,0.05965282,0.11476177,0.23023868,0.48468721,0.15040776,0.28489968,2.65087521,3.56260295,True
0.3,0.4,-0.1,500.0,100,0,0,0.0,False,0.05965282,0.11476177,0.23023868,0.48468721,0.15040776,0.28489968,2.65087521,3.56260295,True
0.3,0.4,-0.1,750.0,100,0,0,0.0,False,0.05965282,0.11476177,0.23023868,0.48468721,0.15040776,0.28489968,2.65087521,3.56260295,True
0.3,0.4,-0.1,1000.0,100,0,0,0.0,False,0.05965282,0.11476177,0.23023868,0.48468721,0.15040776,0.28489968,2.65087521,3.56260295,True
0.3,0.4,0.0,200.0,100,0,0,0.0,False,0.0689384,0.13072759,0.25579294,0.48095519,0.18354158,0.31124927,2.86214905,3.60475044,False
0.3,0.4,0.0,350.0,100,0,0,0.0,False,0.0689384,0.13072759,0.25579294,0.48095519,0.18354158,0.31124927,2.86214905,3.60475044,False
0.3,0.4,0.0,500.0,100,0,0,0.0,False,0.0689384,0.13072759,0.25579294,0.48095519,0.18354158,0.31124927,2.86214905,3.60475044,False
0.3,0.4,0.0,750.0,100,0,0,0.0,False,0.0689384,0.13072759,0.25579294,0.48095519,0.18354158,0.31124927,2.86214905,3.60475044,False
0.3,0.4,0.0,1000.0,100,0,0,0.0,False,0.0689384,0.13072759,0.25579294,0.48095519,0.18354158,0.31124927,2.86214905,3.60475044,False
0.3,0.4,0.1,200.0,100,0,0,0.0,False,0.08697995,0.15421169,0.24159697,0.55291557,0.1654938,0.31064315,2.77133109,3.99160373,False
0.3,0.4,0.1,350.0,100,0,0,0.0,False,0.08697995,0.15421169,0.24159697,0.55291557,0.1654938,0.31064315,2.77133109,3.99160373,False
0.3,0.4,0.1,500.0,100,0,0,0.0,False,0.08697995,0.15421169,0.24159697,0.55291557,0.1654938,0.31064315,2.77133109,3.99160373,False
0.3,0.4,0.1,750.0,100,0,0,0.0,False,0.08697995,0.15421169,0.24159697,0.55291557,0.1654938,0.31064315,2.77133109,3.99160373,False
0.3,0.4,0.1,1000.0,100,0,0,0.0,False,0.08697995,0.15421169,0.24159697,0.55291557,0.1654938,0.31064315,2.77133109,3.99160373,False
0.3,0.4,0.2,200.0,100,0,0,0.0,False,0.0373067,0.09639211,0.28206929,0.56472587,0.20760956,0.35905882,3.07586858,4.36851727,False
0.3,0.4,0.2,350.0,100,0,0,0.0,False,0.0373067,0.09639211,0.28206929,0.56472587,0.20760956,0.35905882,3.07586858,4.36851727,False
0.3,0.4,0.2,500.0,100,0,0,0.0,False,0.0373067,0.09639211,0.28206929,0.56472587,0.20760956,0.35905882,3.07586858,4.36851727,False
0.3,0.4,0.2,750.0,100,0,0,0.0,False,0.0373067,0.09639211,0.28206929,0.56472587,0.20760956,0.35905882,3.07586858,4.36851727,False
0.3,0.4,0.2,1000.0,100,0,0,0.0,False,0.0373067,0.09639211,0.28206929,0.56472587,0.20760956,0.35905882,3.07586858,4.36851727,False
0.3,0.5,-0.2,200.0,100,0,0,0.0,False,0.161628,0.21956782,0.16058861,0.28235051,0.11748625,0.23576381,3.22135041,3.21681821,True
0.3,0.5,-0.2,350.0,100,0,0,0.0,False,0.14716144,0.20070558,0.1671115,0.28533798,0.12153115,0.23596592,3.31634219,3.43415467,False
0.3,0.5,-0.2,500.0,100,0,0,0.0,False,0.1478082,0.20104754,0.16294646,0.28209843,0.12263122,0.23575518,3.22052122,3.16877773,False
0.3,0.5,-0.2,750.0,100,0,0,0.0,False,0.14677494,0.20060051,0.16385756,0.28228563,0.12308339,0.23581737,3.23828641,3.19802353,False
0.3,0.5,-0.2,1000.0,100,0,0,0.0,False,0.14677494,0.20060051,0.16385756,0.28228563,0.12308339,0.23581737,3.23828641,3.19802353,False
0.3,0.5,-0.1,200.0,100,0,0,0.0,False,0.21950544,0.24725882,0.17887206,0.21400579,0.1035892,0.1817531,3.74909376,2.94341231,True
0.3,0.5,-0.1,350.0,100,0,0,0.0,False,0.18586397,0.19482319,0.18679365,0.21494239,0.11222525,0.18215978,3.85323013,3.0446021,False
0.3,0.5,-0.1,500.0,100,0,0,0.0,False,0.18586397,0.19482319,0.18679365,0.21494239,0.11222525,0.18215978,3.85323013,3.0446021,False
0.3,0.5,-0.1,750.0,100,0,0,0.0,False,0.18586397,0.19482319,0.18679365,0.21494239,0.11222525,0.18215978,3.85323013,3.0446021,False
0.3,0.5,-0.1,1000.0,100,0,0,0.0,False,0.18586397,0.19482319,0.18679365,0.21494239,0.11222525,0.18215978,3.85323013,3.0446021,False
0.3,0.5,0.0,200.0,100,0,0,0.0,False,0.2150479,0.23941778,0.15908504,0.25538324,0.07976185,0.12994561,3.48629116,3.08381077,True
0.3,0.5,0.0,350.0,100,0,0,0.0,False,0.19478338,0.20808517,0.16513813,0.25611736,0.08425643,0.13100587,3.57678887,3.17419646,False
0.3,0.5,0.0,500.0,100,0,0,0.0,False,0.19478338,0.20808517,0.16513813,0.25611736,0.08425643,0.13100587,3.57678887,3.17419646,False
0.3,0.5,0.0,750.0,100,0,0,0.0,False,0.19478338,0.20808517,0.16513813,0.25611736,0.08425643,0.13100587,3.57678887,3.17419646,False
0.3,0.5,0.0,1000.0,100,0,0,0.0,False,0.19478338,0.20808517,0.16513813,0.25611736,0.08425643,0.13100587,3.57678887,3.17419646,False
0.3,0.5,0.1,200.0,100,0,0,0.0,False,0.23137534,0.24465401,0.17969426,0.2726929,0.10141975,0.17767852,4.02141303,3.86903393,False
0.3,0.5,0.1,350.0,100,0,0,0.0,False,0.2074715,0.21116756,0.17928823,0.26003108,0.10818479,0.17774756,3.92367716,3.22517837,False
0.3,0.5,0.1,500.0,100,0,0,0.0,False,0.20126755,0.20584034,0.18055347,0.25992165,0.11095577,0.17779793,3.93866742,3.23160727,False
0.3,0.5,0.1,750.0,100,0,0,0.0,False,0.20106287,0.2055174,0.1809478,0.2600302,0.11056143,0.17786294,3.9406541,3.23280067,False
0.3,0.5,0.1,1000.0,100,0,0,0.0,False,0.20126755,0.20584034,0.18055347,0.25992165,0.11095577,0.17779793,3.93866742,3.23160727,False
0.3,0.5,0.2,200.0,100,0,0,0.0,False,0.23940652,0.25104122,0.1730483,0.25183802,0.08712942,0.15001266,3.77248666,3.08481339,True
0.3,0.5,0.2,350.0,100,0,0,0.0,False,0.20220063,0.20207439,0.18331989,0.25188341,0.09701417,0.15251016,3.90966756,3.16883301,False
0.3,0.5,0.2,500.0,100,0,0,0.0,False,0.20220063,0.20207439,0.18331989,0.25188341,0.09701417,0.15251016,3.90966756,3.16883301,False
0.3,0.5,0.2,750.0,100,0,0,0.0,False,0.20220063,0.20207439,0.18331989,0.25188341,0.09701417,0.15251016,3.90966756,3.16883301,False
0.3,0.5,0.2,1000.0,100,0,0,0.0,False,0.20220063,0.20207439,0.18331989,0.25188341,0.09701417,0.15251016,3.90966756,3.16883301,False
0.3,0.6,-0.2,200.0,100,7,0,0.0,False,0.47411704,0.42045921,0.13312287,0.24374362,0.01859345,0.10104885,5.809516,4.81555293,False
0.3,0.6,-0.2,350.0,100,1,0,0.0,False,0.36383161,0.32132913,0.13897635,0.22717566,0.02884522,0.10325644,5.58435638,4.43576848,False
0.3,0.6,-0.2,500.0,100,0,0,0.0,False,0.31826284,0.27927277,0.12746014,0.21896191,0.03998813,0.10424344,5.05623855,3.85873522,True
0.3,0.6,-0.2,750.0,100,0,0,0.0,False,0.26179489,0.22668305,0.12310951,0.21556296,0.05694436,0.10644432,4.77636746,3.48192171,True
0.3,0.6,-0.2,1000.0,100,0,0,0.0,False,0.22620194,0.20581591,0.1303186,0.21653726,0.06981329,0.10903354,4.87084508,3.51519813,False
0.3,0.6,-0.1,200.0,100,4,0,0.0,False,0.49480557,0.42280629,0.14306619,0.18438585,0.01112063,0.02780849,6.45477142,5.38882029,False
0.3,0.6,-0.1,350.0,100,0,0,0.0,False,0.39178027,0.33638778,0.12871217,0.1244501,0.02206451,0.03557086,5.76257542,4.41995908,False
0.3,0.6,-0.1,500.0,100,0,0,0.0,False,0.34125659,0.28734113,0.11653252,0.10468655,0.0351792,0.04248367,5.22256188,3.80492604,False
0.3,0.6,-0.1,750.0,100,0,0,0.0,False,0.28163608,0.23492429,0.11228504,0.09284616,0.05242912,0.05030618,4.92215025,3.28994777,True
0.3,0.6,-0.1,1000.0,100,0,0,0.0,False,0.24629435,0.21788153,0.11932315,0.09516478,0.06414575,0.05526499,5.01778676,3.32706265,False
0.3,0.6,0.0,200.0,100,6,0,0.0,False,0.57758379,0.4605608,0.12617795,0.14903754,0.02198269,0.10447632,6.1402506,4.33271193,False
0.3,0.6,0.0,350.0,100,0,0,0.0,False,0.39085876,0.30561587,0.14624585,0.14077707,0.03649945,0.10570684,6.11772355,4.34445767,False
0.3,0.6,0.0,500.0,100,0,0,0.0,False,0.35448931,0.26276527,0.12483714,0.11444121,0.04809273,0.10585499,5.36206705,3.45588809,False
0.3,0.6,0.0,750.0,100,0,0,0.0,False,0.28244032,0.20910762,0.12459837,0.11003387,0.06926777,0.10752691,5.14982328,3.09985096,True
0.3,0.6,0.0,1000.0,100,0,0,0.0,False,0.25041312,0.1931093,0.13280037,0.11283239,0.0803562,0.10902754,5.2827387,3.17875119,False
0.3,0.6,0.1,200.0,100,3,0,0.0,False,0.47089621,0.41431605,0.16529479,0.19829601,0.01912298,0.10142607,6.77405852,5.32939316,False
0.3,0.6,0.1,350.0,100,2,0,0.0,False,0.41568695,0.34670329,0.12223054,0.14136425,0.03124304,0.10237316,5.45437743,4.03384414,False
0.3,0.6,0.1,500.0,100,0,0,0.0,False,0.32929679,0.27422815,0.12146373,0.13175119,0.04633992,0.10456904,5.17247601,3.65036662,True
0.3,0.6,0.1,750.0,100,0,0,0.0,False,0.27096116,0.22559164,0.12127463,0.1275109,0.06341839,0.10608817,4.96074183,3.23751085,False
0.3,0.6,0.1,1000.0,100,0,0,0.0,False,0.23750336,0.20348127,0.12836479,0.12856793,0.07376556,0.10754034,5.07824975,3.31087375,False
0.3,0.6,0.2,200.0,100,6,0,0.0,False,0.52592328,0.45363296,0.15441987,0.1832518,0.02411359,0.10753674,6.48793419,4.89184191,False
0.3,0.6,0.2,350.0,100,2,0,0.0,False,0.45221042,0.37935102,0.11267202,0.13158758,0.03764963,0.10819848,5.21526472,3.61051177,False
0.3,0.6,0.2,500.0,100,2,0,0.0,False,0.34588204,0.29997006,0.12623013,0.13515719,0.05304459,0.11013582,5.26269399,3.61408349,False
0.3,0.6,0.2,750.0,100,1,0,0.0,False,0.28499328,0.2481513,0.12883918,0.13080957,0.06915073,0.11188276,5.14369399,3.28277719,False
0.3,0.6,0.2,1000.0,100,0,0,0.0,False,0.25350633,0.226602,0.13493599,0.1316406,0.07918808,0.11320953,5.22468109,3.31470598,False
0.3,0.7,-0.2,200.0,90,46,10,0.1,True,1.01277426,0.7613601,0.02184635,0.03238257,0.00106124,0.00092837,5.21068441,3.00652721,True
0.3,0.7,-0.2,350.0,100,47,0,0.0,False,1.01675716,0.73588336,0.02321235,0.02982028,0.00182609,0.00371389,5.36100135,2.88125552,False
0.3,0.7,-0.2,500.0,100,41,0,0.0,False,1.01556275,0.70757302,0.02419005,0.02647791,0.00305853,0.00890699,5.3079886,2.8334278,False
0.3,0.7,-0.2,750.0,100,31,0,0.0,False,0.89128778,0.65080934,0.03082716,0.0345618,0.00558104,0.01411304,5.34672062,2.85714901,False
0.3,0.7,-0.2,1000.0,98,24,2,0.02,False,0.7499516,0.59926682,0.0359723,0.03841154,0.0092882,0.01771038,5.31400093,2.87340448,False
0.3,0.7,-0.1,200.0,97,58,3,0.03,False,1.02087115,0.62915062,0.02576488,0.03027271,0.00154715,0.0013541,5.71384076,2.7616546,False
0.3,0.7,-0.1,350.0,98,54,2,0.02,False,1.0533707,0.67651252,0.02723385,0.03443311,0.00219199,0.00372098,5.69093473,2.74046792,False
0.3,0.7,-0.1,500.0,100,50,0,0.0,False,1.05185884,0.66415598,0.02698354,0.030868,0.00338787,0.00745463,5.64210588,2.66625132,False
0.3,0.7,-0.1,750.0,100,40,0,0.0,False,0.94846298,0.6142631,0.03049429,0.03359361,0.00590842,0.01416655,5.62754051,2.65128317,False
0.3,0.7,-0.1,1000.0,100,34,0,0.0,False,0.85894285,0.58743422,0.03417071,0.03611212,0.00888904,0.0173989,5.62023685,2.6441475,False
0.3,0.7,0.0,200.0,98,55,2,0.02,False,0.95550862,0.64872519,0.02655622,0.03985732,0.00132193,0.00125037,5.59487315,2.94841184,False
0.3,0.7,0.0,350.0,99,50,1,0.01,False,0.98689952,0.66659075,0.02786109,0.03889617,0.00159214,0.00182975,5.56810023,2.89773257,False
0.3,0.7,0.0,500.0,100,50,0,0.0,False,1.0132716,0.68722303,0.02763832,0.03423205,0.00240101,0.00400245,5.50354942,2.81604053,False
0.3,0.7,0.0,750.0,100,41,0,0.0,False,0.93329435,0.6683881,0.02983204,0.03303529,0.00484698,0.00827156,5.44436107,2.7728411,False
0.3,0.7,0.0,1000.0,100,33,0,0.0,False,0.8093145,0.59968408,0.03311874,0.03524739,0.00825961,0.0133582,5.43041439,2.75786913,False
0.3,0.7,0.1,200.0,98,56,2,0.02,False,1.02734692,0.6523562,0.02859101,0.04622324,0.00159103,0.00188356,5.67074857,2.84597613,False
0.3,0.7,0.1,350.0,100,48,0,0.0,False,1.03976569,0.64970833,0.02783863,0.03101575,0.00247045,0.0051503,5.60237448,2.72803435,False
0.3,0.7,0.1,500.0,100,45,0,0.0,False,1.06086095,0.72849041,0.03008601,0.03562312,0.00366202,0.00831308,5.57464877,2.71160446,False
0.3,0.7,0.1,750.0,99,38,1,0.01,False,0.95631188,0.65818695,0.0327603,0.03694556,0.00638284,0.01282325,5.51107342,2.68503524,False
0.3,0.7,0.1,1000.0,100,33,0,0.0,False,0.84525553,0.60094419,0.03559776,0.03748896,0.00979038,0.01615291,5.50191998,2.65619276,False
0.3,0.7,0.2,200.0,91,48,9,0.09,True,1.02072288,0.68192103,0.02593354,0.03347992,0.00239996,0.00834427,5.48142851,2.83228844,False
0.3,0.7,0.2,350.0,100,49,0,0.0,False,1.10865651,0.73864035,0.02767722,0.03804935,0.00274013,0.00810889,5.59615017,2.72836998,False
0.3,0.7,0.2,500.0,97,45,3,0.03,False,1.02993153,0.67768052,0.03000129,0.03839474,0.00372988,0.0092017,5.53517466,2.75459854,False
0.3,0.7,0.2,750.0,100,42,0,0.0,False,0.99457812,0.68089858,0.03306413,0.04033571,0.00608556,0.01281704,5.55678812,2.70241808,False
0.3,0.7,0.2,1000.0,100,34,0,0.0,False,0.85556297,0.61578185,0.03593417,0.04072203,0.0097844,0.01688015,5.5289284,2.67665922,False
0.3,0.8,-0.2,200.0,86,64,14,0.14,True,1.71478678,1.12668464,0.00966756,0.00678801,0.00087914,0.00069484,5.27615573,2.62297082,True
0.3,0.8,-0.2,350.0,95,72,5,0.05,False,1.87235962,1.11010752,0.00855144,0.00522905,0.0011752,0.00087094,5.37750756,2.51015367,True
0.3,0.8,-0.2,500.0,91,68,9,0.09,True,1.93056654,1.16821187,0.00799431,0.00550768,0.00134324,0.00094546,5.29658392,2.53625508,True
0.3,0.8,-0.2,750.0,99,75,1,0.01,False,1.8595636,1.07166892,0.00829436,0.00589662,0.00200983,0.00131473,5.40832735,2.45990213,False
0.3,0.8,-0.2,1000.0,93,69,7,0.07,True,1.73860883,1.00773193,0.00819741,0.00623123,0.00252073,0.0017219,5.32644164,2.51636393,False
0.3,0.8,-0.1,200.0,99,78,1,0.01,False,1.77445817,1.01100709,0.01043954,0.00609179,0.00108257,0.0008549,5.59311445,2.401928,False
0.3,0.8,-0.1,350.0,95,73,5,0.05,False,2.04810751,1.16027783,0.00848764,0.00512276,0.00112379,0.00075554,5.48649169,2.41070598,True
0.3,0.8,-0.1,500.0,100,78,0,0.0,False,2.0444103,1.12461699,0.00838187,0.00493196,0.00141465,0.00089119,5.54267968,2.36179171,False
0.3,0.8,-0.1,750.0,100,78,0,0.0,False,1.97874633,1.04468008,0.00802349,0.00470201,0.00195709,0.00110569,5.53182863,2.35620699,False
0.3,0.8,-0.1,1000.0,100,78,0,0.0,False,1.86954368,0.96972642,0.00823849,0.00478175,0.0025901,0.00135082,5.53466026,2.357555,False
0.3,0.8,0.0,200.0,98,84,2,0.02,False,1.83635456,0.93182045,0.0114206,0.0058412,0.00121035,0.0008536,5.90747117,2.14241694,False
0.3,0.8,0.0,350.0,97,83,3,0.03,False,2.08810669,1.00818608,0.00947848,0.00473957,0.00126708,0.00083275,5.83803609,2.12556352,False
0.3,0.8,0.0,500.0,100,86,0,0.0,False,2.15600421,0.96812717,0.00862208,0.00393543,0.0015183,0.00089166,5.84074741,2.0881838,True
0.3,0.8,0.0,750.0,100,85,0,0.0,False,2.08637741,0.91928124,0.00833438,0.00383005,0.00202933,0.00103472,5.83341808,2.08504462,False
0.3,0.8,0.0,1000.0,100,83,0,0.0,False,1.99138182,0.86830535,0.00838446,0.00380645,0.00262978,0.001213,5.83558334,2.08596814,False
0.3,0.8,0.1,200.0,96,83,4,0.04,False,1.94871248,0.9658953,0.01103615,0.00552499,0.00108793,0.00078474,5.93614123,2.08842485,False
0.3,0.8,0.1,350.0,96,82,4,0.04,False,2.1481998,0.99562091,0.00948709,0.00451824,0.00116316,0.00066465,5.88853953,2.06830653,True
0.3,0.8,0.1,500.0,99,86,1,0.01,False,2.16712565,1.00585145,0.00892362,0.00431812,0.00149921,0.00092746,5.90020063,2.03620317,True
0.3,0.8,0.1,750.0,100,86,0,0.0,False,2.10451023,0.91710602,0.00853724,0.00396712,0.00200127,0.00103021,5.89803374,2.02307848,False
0.3,0.8,0.1,1000.0,100,84,0,0.0,False,1.99453111,0.85830295,0.00870629,0.00394636,0.00271122,0.00128121,5.90454993,2.02549583,False
0.3,0.8,0.2,200.0,88,68,12,0.12,True,1.97007214,1.20316675,0.00859674,0.00539682,0.00092319,0.00068086,5.33945915,2.53546845,True
0.3,0.8,0.2,350.0,99,78,1,0.01,False,2.12336352,1.24297579,0.00805781,0.00504956,0.001252,0.00088724,5.46771742,2.41583973,True
0.3,0.8,0.2,500.0,95,74,5,0.05,False,2.05819389,1.18095846,0.00769365,0.00473277,0.00146028,0.00104863,5.40953482,2.44927906,True
0.3,0.8,0.2,750.0,99,77,1,0.01,False,2.00500143,1.10272612,0.00769953,0.00483622,0.00194964,0.00117163,5.45341564,2.40836879,False
0.3,0.8,0.2,1000.0,100,78,0,0.0,False,1.91049596,1.0379905,0.0078418,0.00514252,0.00258872,0.00154652,5.47595073,2.40425925,False
0.4,0.4,-0.2,200.0,100,0,0,0.0,False,0.02582946,0.08105521,0.2557273,0.73462506,0.06916913,0.22596368,2.2339604,4.38325547,False
0.4,0.4,-0.2,350.0,100,0,0,0.0,False,0.02582946,0.08105521,0.2557273,0.73462506,0.06916913,0.22596368,2.2339604,4.38325547,False
0.4,0.4,-0.2,500.0,100,0,0,0.0,False,0.02582946,0.08105521,0.2557273,0.73462506,0.06916913,0.22596368,2.2339604,4.38325547,False
0.4,0.4,-0.2,750.0,100,0,0,0.0,False,0.02582946,0.08105521,0.2557273,0.73462506,0.06916913,0.22596368,2.2339604,4.38325547,False
0.4,0.4,-0.2,1000.0,100,0,0,0.0,False,0.02582946,0.08105521,0.2557273,0.73462506,0.06916913,0.22596368,2.2339604,4.38325547,False
0.4,0.4,-0.1,200.0,100,0,0,0.0,False,0.02713196,0.07779753,0.22021311,0.60130377,0.08222222,0.24704766,2.1392255,3.75257496,False
0.4,0.4,-0.1,350.0,100,0,0,0.0,False,0.02713196,0.07779753,0.22021311,0.60130377,0.08222222,0.24704766,2.1392255,3.75257496,False
0.4,0.4,-0.1,500.0,100,0,0,0.0,False,0.02713196,0.07779753,0.22021311,0.60130377,0.08222222,0.24704766,2.1392255,3.75257496,False
0.4,0.4,-0.1,750.0,100,0,0,0.0,False,0.02713196,0.07779753,0.22021311,0.60130377,0.08222222,0.24704766,2.1392255,3.75257496,False
0.4,0.4,-0.1,1000.0,100,0,0,0.0,False,0.02713196,0.07779753,0.22021311,0.60130377,0.08222222,0.24704766,2.1392255,3.75257496,False
0.4,0.4,0.0,200.0,100,0,0,0.0,False,0.02855785,0.09435121,0.22818278,0.6669661,0.08344202,0.24635524,2.2727876,4.70213534,False
0.4,0.4,0.0,350.0,100,0,0,0.0,False,0.02855785,0.09435121,0.22818278,0.6669661,0.08344202,0.24635524,2.2727876,4.70213534,False
0.4,0.4,0.0,500.0,100,0,0,0.0,False,0.02855785,0.09435121,0.22818278,0.6669661,0.08344202,0.24635524,2.2727876,4.70213534,False
0.4,0.4,0.0,750.0,100,0,0,0.0,False,0.02855785,0.09435121,0.22818278,0.6669661,0.08344202,0.24635524,2.2727876,4.70213534,False
0.4,0.4,0.0,1000.0,100,0,0,0.0,False,0.02855785,0.09435121,0.22818278,0.6669661,0.08344202,0.24635524,2.2727876,4.70213534,False
0.4,0.4,0.1,200.0,100,0,0,0.0,False,0.02086739,0.07331894,0.21056481,0.59983571,0.09996128,0.27314153,2.14575178,4.12866647,False
0.4,0.4,0.1,350.0,100,0,0,0.0,False,0.02086739,0.07331894,0.21056481,0.59983571,0.09996128,0.27314153,2.14575178,4.12866647,False
0.4,0.4,0.1,500.0,100,0,0,0.0,False,0.02086739,0.07331894,0.21056481,0.59983571,0.09996128,0.27314153,2.14575178,4.12866647,False
0.4,0.4,0.1,750.0,100,0,0,0.0,False,0.02086739,0.07331894,0.21056481,0.59983571,0.09996128,0.27314153,2.14575178,4.12866647,False
0.4,0.4,0.1,1000.0,100,0,0,0.0,False,0.02086739,0.07331894,0.21056481,0.59983571,0.09996128,0.27314153,2.14575178,4.12866647,False
0.4,0.4,0.2,200.0,100,0,0,0.0,False,0.02453891,0.06709587,0.19456573,0.45662403,0.12815837,0.29825817,2.12864842,3.21927976,False
0.4,0.4,0.2,350.0,100,0,0,0.0,False,0.02453891,0.06709587,0.19456573,0.45662403,0.12815837,0.29825817,2.12864842,3.21927976,False
0.4,0.4,0.2,500.0,100,0,0,0.0,False,0.02453891,0.06709587,0.19456573,0.45662403,0.12815837,0.29825817,2.12864842,3.21927976,False
0.4,0.4,0.2,750.0,100,0,0,0.0,False,0.02453891,0.06709587,0.19456573,0.45662403,0.12815837,0.29825817,2.12864842,3.21927976,False
0.4,0.4,0.2,1000.0,100,0,0,0.0,False,0.02453891,0.06709587,0.19456573,0.45662403,0.12815837,0.29825817,2.12864842,3.21927976,False
0.4,0.5,-0.2,200.0,100,0,0,0.0,False,0.12168195,0.18275505,0.24097246,0.45963678,0.08084203,0.20394882,3.15971571,3.60154778,False
0.4,0.5,-0.2,350.0,100,0,0,0.0,False,0.11986634,0.18008857,0.24352605,0.45964741,0.08086237,0.20395036,3.18194852,3.62046112,False
0.4,0.5,-0.2,500.0,100,0,0,0.0,False,0.11986634,0.18008857,0.24352605,0.45964741,0.08086237,0.20395036,3.18194852,3.62046112,False
0.4,0.5,-0.2,750.0,100,0,0,0.0,False,0.11986634,0.18008857,0.24352605,0.45964741,0.08086237,0.20395036,3.18194852,3.62046112,False
0.4,0.5,-0.2,1000.0,100,0,0,0.0,False,0.11986634,0.18008857,0.24352605,0.45964741,0.08086237,0.20395036,3.18194852,3.62046112,False
0.4,0.5,-0.1,200.0,100,0,0,0.0,False,0.14784914,0.19928005,0.16165656,0.2256271,0.04949953,0.12163545,2.72342139,2.65137637,True
0.4,0.5,-0.1,350.0,100,0,0,0.0,False,0.14187099,0.18563534,0.16355241,0.22605605,0.05029612,0.12169584,2.74745177,2.68717835,False
0.4,0.5,-0.1,500.0,100,0,0,0.0,False,0.14187099,0.18563534,0.16355241,0.22605605,0.05029612,0.12169584,2.74745177,2.68717835,False
0.4,0.5,-0.1,750.0,100,0,0,0.0,False,0.14187099,0.18563534,0.16355241,0.22605605,0.05029612,0.12169584,2.74745177,2.68717835,False
0.4,0.5,-0.1,1000.0,100,0,0,0.0,False,0.14187099,0.18563534,0.16355241,0.22605605,0.05029612,0.12169584,2.74745177,2.68717835,False
0.4,0.5,0.0,200.0,100,0,0,0.0,False,0.13144422,0.17687371,0.22641269,0.54858421,0.07010941,0.17754277,3.24309836,4.41883876,False
0.4,0.5,0.0,350.0,100,0,0,0.0,False,0.13144422,0.17687371,0.22641269,0.54858421,0.07010941,0.17754277,3.24309836,4.41883876,False
0.4,0.5,0.0,500.0,100,0,0,0.0,False,0.13144422,0.17687371,0.22641269,0.54858421,0.07010941,0.17754277,3.24309836,4.41883876,False
0.4,0.5,0.0,750.0,100,0,0,0.0,False,0.13144422,0.17687371,0.22641269,0.54858421,0.07010941,0.17754277,3.24309836,4.41883876,False
0.4,0.5,0.0,1000.0,100,0,0,0.0,False,0.13144422,0.17687371,0.22641269,0.54858421,0.07010941,0.17754277,3.24309836,4.41883876,False
0.4,0.5,0.1,200.0,100,0,0,0.0,False,0.14674536,0.18827942,0.23453015,0.43916121,0.05187012,0.12644391,3.2742451,3.5307238,False
0.4,0.5,0.1,350.0,100,0,0,0.0,False,0.14674536,0.18827942,0.23453015,0.43916121,0.05187012,0.12644391,3.2742451,3.5307238,False
0.4,0.5,0.1,500.0,100,0,0,0.0,False,0.14674536,0.18827942,0.23453015,0.43916121,0.05187012,0.12644391,3.2742451,3.5307238,False
0.4,0.5,0.1,750.0,100,0,0,0.0,False,0.14674536,0.18827942,0.23453015,0.43916121,0.05187012,0.12644391,3.2742451,3.5307238,False
0.4,0.5,0.1,1000.0,100,0,0,0.0,False,0.14674536,0.18827942,0.23453015,0.43916121,0.05187012,0.12644391,3.2742451,3.5307238,False
0.4,0.5,0.2,200.0,100,0,0,0.0,False,0.12396589,0.18211449,0.29163504,1.00152539,0.04532368,0.11624371,3.5300609,6.46960707,False
0.4,0.5,0.2,350.0,100,0,0,0.0,False,0.12184516,0.17924156,0.29060406,1.00142372,0.04576564,0.11616899,3.49077676,6.42768937,False
0.4,0.5,0.2,500.0,100,0,0,0.0,False,0.12184516,0.17924156,0.29060406,1.00142372,0.04576564,0.11616899,3.49077676,6.42768937,False
0.4,0.5,0.2,750.0,100,0,0,0.0,False,0.12284051,0.18068511,0.2876613,1.00112034,0.04581037,0.11618197,3.48345963,6.42536855,False
0.4,0.5,0.2,1000.0,100,0,0,0.0,False,0.12184516,0.17924156,0.29060406,1.00142372,0.04576564,0.11616899,3.49077676,6.42768937,False
0.4,0.6,-0.2,200.0,99,1,1,0.01,False,0.35028688,0.32429763,0.15183838,0.17478614,0.02054631,0.02929456,4.78102266,4.55890912,True
0.4,0.6,-0.2,350.0,100,0,0,0.0,False,0.28423543,0.25724774,0.15057569,0.14420564,0.03019908,0.03630575,4.48263244,3.7411819,False
0.4,0.6,-0.2,500.0,100,0,0,0.0,False,0.26506022,0.24106274,0.15208542,0.13434358,0.03425226,0.03859157,4.38767611,3.34851114,False
0.4,0.6,-0.2,750.0,100,0,0,0.0,False,0.25142349,0.23499077,0.15484748,0.13515393,0.03837165,0.04071818,4.36279066,3.24827781,False
0.4,0.6,-0.2,1000.0,100,0,0,0.0,False,0.24661945,0.2350085,0.15795083,0.13640891,0.04015384,0.04227072,4.41780697,3.31982131,False
0.4,0.6,-0.1,200.0,100,2,0,0.0,False,0.45771983,0.39130881,0.16454037,0.18886609,0.01836412,0.035184,5.48746107,4.84253483,False
0.4,0.6,-0.1,350.0,100,0,0,0.0,False,0.3200647,0.25915858,0.1691643,0.15321214,0.03151268,0.03886994,5.10149218,3.92396062,False
0.4,0.6,-0.1,500.0,100,0,0,0.0,False,0.28730468,0.23670879,0.17197811,0.1405874,0.03805063,0.04104557,4.9813331,3.42764125,False
0.4,0.6,-0.1,750.0,100,0,0,0.0,False,0.27574533,0.2318358,0.17234663,0.13704064,0.04182886,0.04305612,4.91083634,3.16894055,False
0.4,0.6,-0.1,1000.0,100,0,0,0.0,False,0.27050414,0.23199431,0.1756357,0.13789005,0.04322279,0.04359996,4.96684142,3.23035524,False
0.4,0.6,0.0,200.0,100,0,0,0.0,False,0.3813548,0.35972229,0.16330877,0.18059876,0.01417977,0.02177781,5.56292461,5.14526987,False
0.4,0.6,0.0,350.0,100,0,0,0.0,False,0.297695,0.25965374,0.14252088,0.13252515,0.02522738,0.02776154,4.62288884,3.62089723,True
0.4,0.6,0.0,500.0,100,0,0,0.0,False,0.25345661,0.22784982,0.15394189,0.13405201,0.03255552,0.03257294,4.66509755,3.45657658,False
0.4,0.6,0.0,750.0,100,0,0,0.0,False,0.23689874,0.21939138,0.15971398,0.13535201,0.0368613,0.03534421,4.70541956,3.40216864,False
0.4,0.6,0.0,1000.0,100,0,0,0.0,False,0.23292034,0.2191659,0.16276382,0.13636651,0.03814235,0.03688552,4.76348114,3.46407054,False
0.4,0.6,0.1,200.0,100,0,0,0.0,False,0.33489317,0.32392006,0.17570248,0.21389642,0.01834203,0.0375631,5.6439862,5.83387472,False
0.4,0.6,0.1,350.0,100,0,0,0.0,False,0.28840237,0.26793311,0.13344402,0.1333244,0.03015869,0.04107777,4.30358606,3.63293082,True
0.4,0.6,0.1,500.0,100,0,0,0.0,False,0.24388784,0.23072475,0.14123887,0.1292278,0.0387249,0.04505827,4.2735883,3.25872621,True
0.4,0.6,0.1,750.0,100,0,0,0.0,False,0.22705228,0.22294738,0.15055934,0.13412457,0.04225722,0.04705828,4.42408911,3.42146929,False
0.4,0.6,0.1,1000.0,100,0,0,0.0,False,0.22557746,0.22300403,0.15232666,0.135348,0.04256272,0.04740088,4.45735399,3.46478917,False
0.4,0.6,0.2,200.0,100,0,0,0.0,False,0.320896,0.34770397,0.14705979,0.20412538,0.0172459,0.03437802,5.1425005,5.59087469,True
0.4,0.6,0.2,350.0,100,0,0,0.0,False,0.22589022,0.23709482,0.13926082,0.14656071,0.03139964,0.04408136,4.46282483,3.90980508,False
0.4,0.6,0.2,500.0,100,0,0,0.0,False,0.19653125,0.20312964,0.14231233,0.14526519,0.03700109,0.04542951,4.35833419,3.58492406,False
0.4,0.6,0.2,750.0,100,0,0,0.0,False,0.18053647,0.19063746,0.14908298,0.14978669,0.04154121,0.04728241,4.4352174,3.6557937,False
0.4,0.6,0.2,1000.0,100,0,0,0.0,False,0.17608797,0.18844176,0.15260616,0.15144783,0.04263596,0.04827404,4.50218273,3.73051786,False
0.4,0.7,-0.2,200.0,94,22,6,0.06,True,0.6426539,0.4882043,0.0590732,0.08259936,0.00100581,0.00227205,5.85161856,3.68057373,False
0.4,0.7,-0.2,350.0,99,21,1,0.01,False,0.58374869,0.41104821,0.06655002,0.07326133,0.00228163,0.00555571,5.90159035,3.52423946,False
0.4,0.7,-0.2,500.0,100,14,0,0.0,False,0.50768062,0.36837361,0.07368659,0.07115654,0.00504852,0.00982,5.87334979,3.49236167,False
0.4,0.7,-0.2,750.0,100,8,0,0.0,False,0.40598809,0.30959191,0.07941661,0.06555228,0.01133688,0.0168473,5.69221332,3.28453304,False
0.4,0.7,-0.2,1000.0,100,5,0,0.0,False,0.32890636,0.26084688,0.08710251,0.06920684,0.01846853,0.02179469,5.65708823,3.23336751,False
0.4,0.7,-0.1,200.0,99,34,1,0.01,False,0.66918804,0.470442,0.05205712,0.06927098,0.00094209,0.001184,5.92788535,3.35935761,False
0.4,0.7,-0.1,350.0,100,26,0,0.0,False,0.61295331,0.43166087,0.0646013,0.07546142,0.0023976,0.00551212,6.05114731,3.51303669,False
0.4,0.7,-0.1,500.0,100,21,0,0.0,False,0.53910974,0.38731493,0.07392756,0.07116503,0.00470419,0.01020031,6.04514309,3.43878788,False
0.4,0.7,-0.1,750.0,100,11,0,0.0,False,0.44154803,0.33412459,0.077948,0.06614875,0.00927818,0.01415722,5.83712529,3.23200208,False
0.4,0.7,-0.1,1000.0,100,8,0,0.0,False,0.37834111,0.30385587,0.0801391,0.06460488,0.0152443,0.01770187,5.6798386,3.09544559,False
0.4,0.7,0.0,200.0,99,34,1,0.01,False,0.66371725,0.46863309,0.06010734,0.09523126,0.00090679,0.00119622,6.11691475,3.66096578,False
0.4,0.7,0.0,350.0,100,26,0,0.0,False,0.62606909,0.44590333,0.05931576,0.06756179,0.00211291,0.00497341,5.93489303,3.3461442,False
0.4,0.7,0.0,500.0,100,21,0,0.0,False,0.55549404,0.4003415,0.06878326,0.06588692,0.0042221,0.00941747,5.95342971,3.33313861,False
0.4,0.7,0.0,750.0,100,14,0,0.0,False,0.45671664,0.36289971,0.0794382,0.06947961,0.00871265,0.01310577,5.90292383,3.29956981,False
0.4,0.7,0.0,1000.0,100,7,0,0.0,False,0.36404495,0.28337958,0.08171835,0.06532597,0.01471477,0.01782131,5.73914332,3.13177268,False
0.4,0.7,0.1,200.0,100,39,0,0.0,False,0.64917378,0.45776314,0.0664284,0.09796817,0.00150364,0.00421105,6.27241226,3.69499927,False
0.4,0.7,0.1,350.0,100,29,0,0.0,False,0.6011703,0.42909789,0.07824449,0.10107331,0.00313154,0.0091599,6.31745461,3.74334562,False
0.4,0.7,0.1,500.0,100,21,0,0.0,False,0.56526058,0.39577749,0.06996447,0.07000842,0.00489757,0.01044606,5.93087415,3.28313988,False
0.4,0.7,0.1,750.0,100,18,0,0.0,False,0.47996237,0.35831757,0.07448041,0.06654407,0.00925923,0.01400936,5.78202695,3.11478076,False
0.4,0.7,0.1,1000.0,100,9,0,0.0,False,0.38957897,0.2974741,0.08237511,0.06752733,0.0149067,0.01842428,5.76437172,3.06720251,False
0.4,0.7,0.2,200.0,95,36,5,0.05,False,0.63776558,0.50544309,0.03980635,0.05686288,0.00193303,0.00626991,5.19159252,3.38453863,True
0.4,0.7,0.2,350.0,99,32,1,0.01,False,0.60592297,0.45655454,0.04884577,0.06305917,0.0027028,0.00875517,5.3669599,3.41581253,False
0.4,0.7,0.2,500.0,97,20,3,0.03,False,0.53835148,0.41661831,0.05475614,0.06066787,0.00381131,0.00951329,5.31126131,3.38298429,False
0.4,0.7,0.2,750.0,100,10,0,0.0,False,0.45026103,0.35805585,0.06510334,0.06418251,0.00706145,0.01292108,5.39299075,3.34747581,False
0.4,0.7,0.2,1000.0,100,2,0,0.0,False,0.36444879,0.30774277,0.07351157,0.06733278,0.01172264,0.01691854,5.3966298,3.35034763,False
0.4,0.8,-0.2,200.0,81,55,19,0.19,True,1.22090026,0.83152475,0.01724517,0.02965984,0.00060171,0.00060304,5.361004,2.81431872,True
0.4,0.8,-0.2,350.0,91,65,9,0.09,True,1.33004265,0.83705236,0.01484208,0.01754562,0.00087166,0.00131027,5.44837682,2.62183266,True
0.4,0.8,-0.2,500.0,90,63,10,0.1,True,1.34925344,0.86012103,0.01426633,0.01570717,0.00110945,0.00244165,5.39762637,2.61331862,False
0.4,0.8,-0.2,750.0,97,68,3,0.03,False,1.32056294,0.80481177,0.01511214,0.01783174,0.00182593,0.00465075,5.50026461,2.54321091,False
0.4,0.8,-0.2,1000.0,100,67,0,0.0,False,1.20640725,0.70205803,0.01585011,0.01884129,0.00250516,0.00579181,5.54178141,2.51453535,False
0.4,0.8,-0.1,200.0,93,67,7,0.07,True,1.1748807,0.77534296,0.01498698,0.01237266,0.00077255,0.00073482,5.39674805,2.71394967,False
0.4,0.8,-0.1,350.0,97,71,3,0.03,False,1.31667948,0.82968425,0.01375944,0.01431353,0.00077395,0.00069018,5.41104597,2.64648595,True
0.4,0.8,-0.1,500.0,100,74,0,0.0,False,1.3398376,0.82650727,0.01290301,0.01062795,0.0009261,0.0011205,5.42548898,2.60345268,False
0.4,0.8,-0.1,750.0,100,70,0,0.0,False,1.28115424,0.77350891,0.01304476,0.01202164,0.00126949,0.00220407,5.41602357,2.5968196,False
0.4,0.8,-0.1,1000.0,100,68,0,0.0,False,1.22890777,0.73291091,0.0131937,0.01329138,0.00166853,0.00318192,5.40822049,2.59152532,False
0.4,0.8,0.0,200.0,94,74,6,0.06,True,1.23298224,0.64554772,0.01701315,0.0101714,0.00071388,0.00061289,5.91759244,2.38483086,False
0.4,0.8,0.0,350.0,95,73,5,0.05,False,1.43502177,0.74283526,0.01513641,0.01466331,0.00070675,0.00053105,5.85056846,2.34640375,True
0.4,0.8,0.0,500.0,98,76,2,0.02,False,1.41423269,0.71870593,0.01473905,0.01309277,0.00089737,0.00077485,5.86237505,2.30057833,False
0.4,0.8,0.0,750.0,96,71,4,0.04,False,1.39623462,0.71404064,0.01457707,0.0142224,0.00120506,0.0011385,5.81508295,2.30698674,False
0.4,0.8,0.0,1000.0,100,72,0,0.0,False,1.2824819,0.63984427,0.01561127,0.0160375,0.00184417,0.0022591,5.8652171,2.27211465,False
0.4,0.8,0.1,200.0,93,72,7,0.07,True,1.26188489,0.75082665,0.01547096,0.00943604,0.00082892,0.00083755,5.73878528,2.49025894,False
0.4,0.8,0.1,350.0,96,75,4,0.04,False,1.40458879,0.81177811,0.01409575,0.00883734,0.00078854,0.00065356,5.72488832,2.43453253,True
0.4,0.8,0.1,500.0,99,77,1,0.01,False,1.42328973,0.77962947,0.01335877,0.00841779,0.0008907,0.00068273,5.73031421,2.38933215,False
0.4,0.8,0.1,750.0,99,73,1,0.01,False,1.42071423,0.74490927,0.01273085,0.00867497,0.00110339,0.0008118,5.70042072,2.37392513,False
0.4,0.8,0.1,1000.0,100,71,0,0.0,False,1.31181662,0.68996174,0.01342205,0.01037997,0.00153697,0.00121083,5.72257727,2.37019095,False
0.4,0.8,0.2,200.0,91,62,9,0.09,True,1.21366767,0.84149813,0.01447426,0.01458883,0.00062676,0.00058063,5.22161654,2.80961108,True
0.4,0.8,0.2,350.0,99,70,1,0.01,False,1.28904252,0.86986427,0.01408841,0.01405739,0.00067172,0.00062494,5.32441693,2.70898544,True
0.4,0.8,0.2,500.0,96,66,4,0.04,False,1.3077495,0.87017439,0.01323777,0.01485343,0.00079626,0.00100985,5.24095241,2.71596759,True
0.4,0.8,0.2,750.0,100,68,0,0.0,False,1.29020447,0.81979836,0.01272959,0.013061,0.00124219,0.00209171,5.27800047,2.66208154,False
0.4,0.8,0.2,1000.0,100,67,0,0.0,False,1.20830291,0.76119663,0.01345618,0.01544368,0.00190484,0.00396837,5.28052627,2.66295513,False
0.5,0.4,-0.2,200.0,100,0,0,0.0,False,0.00449397,0.01979393,0.23160714,0.84382486,0.04892857,0.20334346,2.01582559,4.9910336,False
0.5,0.4,-0.2,350.0,100,0,0,0.0,False,0.00449397,0.01979393,0.23160714,0.84382486,0.04892857,0.20334346,2.01582559,4.9910336,False
0.5,0.4,-0.2,500.0,100,0,0,0.0,False,0.00449397,0.01979393,0.23160714,0.84382486,0.04892857,0.20334346,2.01582559,4.9910336,False
0.5,0.4,-0.2,750.0,100,0,0,0.0,False,0.00449397,0.01979393,0.23160714,0.84382486,0.04892857,0.20334346,2.01582559,4.9910336,False
0.5,0.4,-0.2,1000.0,100,0,0,0.0,False,0.00449397,0.01979393,0.23160714,0.84382486,0.04892857,0.20334346,2.01582559,4.9910336,False
0.5,0.4,-0.1,200.0,100,0,0,0.0,False,0.00832083,0.04810524,0.09364103,0.60825551,0.03076923,0.17148321,1.36851855,4.31324975,True
0.5,0.4,-0.1,350.0,100,0,0,0.0,False,0.00832083,0.04810524,0.09364103,0.60825551,0.03076923,0.17148321,1.36851855,4.31324975,True
0.5,0.4,-0.1,500.0,100,0,0,0.0,False,0.00832083,0.04810524,0.09364103,0.60825551,0.03076923,0.17148321,1.36851855,4.31324975,True
0.5,0.4,-0.1,750.0,100,0,0,0.0,False,0.00832083,0.04810524,0.09364103,0.60825551,0.03076923,0.17148321,1.36851855,4.31324975,True
0.5,0.4,-0.1,1000.0,100,0,0,0.0,False,0.00832083,0.04810524,0.09364103,0.60825551,0.03076923,0.17148321,1.36851855,4.31324975,True
0.5,0.4,0.0,200.0,100,0,0,0.0,False,0.01505648,0.06255846,0.16248485,0.8437772,0.03716667,0.17663546,1.67286496,5.74943394,False
0.5,0.4,0.0,350.0,100,0,0,0.0,False,0.01505648,0.06255846,0.16248485,0.8437772,0.03716667,0.17663546,1.67286496,5.74943394,False
0.5,0.4,0.0,500.0,100,0,0,0.0,False,0.01505648,0.06255846,0.16248485,0.8437772,0.03716667,0.17663546,1.67286496,5.74943394,False
0.5,0.4,0.0,750.0,100,0,0,0.0,False,0.01505648,0.06255846,0.16248485,0.8437772,0.03716667,0.17663546,1.67286496,5.74943394,False
0.5,0.4,0.0,1000.0,100,0,0,0.0,False,0.01505648,0.06255846,0.16248485,0.8437772,0.03716667,0.17663546,1.67286496,5.74943394,False
0.5,0.4,0.1,200.0,100,0,0,0.0,False,0.01661246,0.0585517,0.16031349,0.58447004,0.04630556,0.19865179,1.73185965,4.0950294,False
0.5,0.4,0.1,350.0,100,0,0,0.0,False,0.01661246,0.0585517,0.16031349,0.58447004,0.04630556,0.19865179,1.73185965,4.0950294,False
0.5,0.4,0.1,500.0,100,0,0,0.0,False,0.01661246,0.0585517,0.16031349,0.58447004,0.04630556,0.19865179,1.73185965,4.0950294,False
0.5,0.4,0.1,750.0,100,0,0,0.0,False,0.01661246,0.0585517,0.16031349,0.58447004,0.04630556,0.19865179,1.73185965,4.0950294,False
0.5,0.4,0.1,1000.0,100,0,0,0.0,False,0.01661246,0.0585517,0.16031349,0.58447004,0.04630556,0.19865179,1.73185965,4.0950294,False
0.5,0.4,0.2,200.0,100,0,0,0.0,False,0.01106336,0.05176337,0.17215152,0.88556978,0.03510606,0.17287892,1.5969491,3.87586814,False
0.5,0.4,0.2,350.0,100,0,0,0.0,False,0.01106336,0.05176337,0.17215152,0.88556978,0.03510606,0.17287892,1.5969491,3.87586814,False
0.5,0.4,0.2,500.0,100,0,0,0.0,False,0.01106336,0.05176337,0.17215152,0.88556978,0.03510606,0.17287892,1.5969491,3.87586814,False
0.5,0.4,0.2,750.0,100,0,0,0.0,False,0.01106336,0.05176337,0.17215152,0.88556978,0.03510606,0.17287892,1.5969491,3.87586814,False
0.5,0.4,0.2,1000.0,100,0,0,0.0,False,0.01106336,0.05176337,0.17215152,0.88556978,0.03510606,0.17287892,1.5969491,3.87586814,False
0.5,0.5,-0.2,200.0,100,0,0,0.0,False,0.06588199,0.13352503,0.35021241,1.28861206,0.0677656,0.21949499,3.49814626,9.11584188,False
0.5,0.5,-0.2,350.0,100,0,0,0.0,False,0.06588199,0.13352503,0.35021241,1.28861206,0.0677656,0.21949499,3.49814626,9.11584188,False
0.5,0.5,-0.2,500.0,100,0,0,0.0,False,0.06588199,0.13352503,0.35021241,1.28861206,0.0677656,0.21949499,3.49814626,9.11584188,False
0.5,0.5,-0.2,750.0,100,0,0,0.0,False,0.06588199,0.13352503,0.35021241,1.28861206,0.0677656,0.21949499,3.49814626,9.11584188,False
0.5,0.5,-0.2,1000.0,100,0,0,0.0,False,0.06588199,0.13352503,0.35021241,1.28861206,0.0677656,0.21949499,3.49814626,9.11584188,False
0.5,0.5,-0.1,200.0,100,0,0,0.0,False,0.0623229,0.12154152,0.35376995,1.02655944,0.05018699,0.19684632,3.0320248,5.02373726,False
0.5,0.5,-0.1,350.0,100,0,0,0.0,False,0.0623229,0.12154152,0.35376995,1.02655944,0.05018699,0.19684632,3.0320248,5.02373726,False
0.5,0.5,-0.1,500.0,100,0,0,0.0,False,0.0623229,0.12154152,0.35376995,1.02655944,0.05018699,0.19684632,3.0320248,5.02373726,False
0.5,0.5,-0.1,750.0,100,0,0,0.0,False,0.0623229,0.12154152,0.35376995,1.02655944,0.05018699,0.19684632,3.0320248,5.02373726,False
0.5,0.5,-0.1,1000.0,100,0,0,0.0,False,0.0623229,0.12154152,0.35376995,1.02655944,0.05018699,0.19684632,3.0320248,5.02373726,False
0.5,0.5,0.0,200.0,100,0,0,0.0,False,0.06721951,0.13033923,0.27960172,0.76705649,0.02584741,0.11582295,2.54777365,4.09924014,True
0.5,0.5,0.0,350.0,100,0,0,0.0,False,0.06721951,0.13033923,0.27960172,0.76705649,0.02584741,0.11582295,2.54777365,4.09924014,True
0.5,0.5,0.0,500.0,100,0,0,0.0,False,0.06721951,0.13033923,0.27960172,0.76705649,0.02584741,0.11582295,2.54777365,4.09924014,True
0.5,0.5,0.0,750.0,100,0,0,0.0,False,0.06721951,0.13033923,0.27960172,0.76705649,0.02584741,0.11582295,2.54777365,4.09924014,True
0.5,0.5,0.0,1000.0,100,0,0,0.0,False,0.06721951,0.13033923,0.27960172,0.76705649,0.02584741,0.11582295,2.54777365,4.09924014,True
0.5,0.5,0.1,200.0,100,0,0,0.0,False,0.07588481,0.12302699,0.29165847,0.63723292,0.04062099,0.14911821,2.9354883,4.14280489,False
0.5,0.5,0.1,350.0,100,0,0,0.0,False,0.07588481,0.12302699,0.29165847,0.63723292,0.04062099,0.14911821,2.9354883,4.14280489,False
0.5,0.5,0.1,500.0,100,0,0,0.0,False,0.07588481,0.12302699,0.29165847,0.63723292,0.04062099,0.14911821,2.9354883,4.14280489,False
0.5,0.5,0.1,750.0,100,0,0,0.0,False,0.07588481,0.12302699,0.29165847,0.63723292,0.04062099,0.14911821,2.9354883,4.14280489,False
0.5,0.5,0.1,1000.0,100,0,0,0.0,False,0.07588481,0.12302699,0.29165847,0.63723292,0.04062099,0.14911821,2.9354883,4.14280489,False
0.5,0.5,0.2,200.0,100,0,0,0.0,False,0.07109409,0.12266698,0.30109114,0.65952039,0.04025315,0.12891008,2.91060127,3.79760004,False
0.5,0.5,0.2,350.0,100,0,0,0.0,False,0.07109409,0.12266698,0.30109114,0.65952039,0.04025315,0.12891008,2.91060127,3.79760004,False
0.5,0.5,0.2,500.0,100,0,0,0.0,False,0.07109409,0.12266698,0.30109114,0.65952039,0.04025315,0.12891008,2.91060127,3.79760004,False
0.5,0.5,0.2,750.0,100,0,0,0.0,False,0.07109409,0.12266698,0.30109114,0.65952039,0.04025315,0.12891008,2.91060127,3.79760004,False
0.5,0.5,0.2,1000.0,100,0,0,0.0,False,0.07109409,0.12266698,0.30109114,0.65952039,0.04025315,0.12891008,2.91060127,3.79760004,False
0.5,0.6,-0.2,200.0,100,0,0,0.0,False,0.22673824,0.24635802,0.17177783,0.24021643,0.01123765,0.01872688,4.088783,4.20720916,True
0.5,0.6,-0.2,350.0,100,0,0,0.0,False,0.19636309,0.21762178,0.1784645,0.23411451,0.01501228,0.02229349,3.94950034,3.59390189,True
0.5,0.6,-0.2,500.0,100,0,0,0.0,False,0.19366357,0.2158075,0.17738444,0.23223624,0.01576239,0.02277155,3.89116101,3.42693033,True
0.5,0.6,-0.2,750.0,100,0,0,0.0,False,0.19033217,0.21409119,0.18010212,0.23304959,0.01614311,0.02314785,3.93373786,3.48164651,False
0.5,0.6,-0.2,1000.0,100,0,0,0.0,False,0.19033217,0.21409119,0.18010212,0.23304959,0.01614311,0.02314785,3.93373786,3.48164651,False
0.5,0.6,-0.1,200.0,100,0,0,0.0,False,0.24132393,0.24992873,0.21911912,0.26759257,0.01443046,0.03940093,5.01931361,5.49310782,True
0.5,0.6,-0.1,350.0,100,0,0,0.0,False,0.22632748,0.23153574,0.18589045,0.22553063,0.018306,0.04001188,3.96057865,3.14172138,True
0.5,0.6,-0.1,500.0,100,0,0,0.0,False,0.20700974,0.21600299,0.19648053,0.2283717,0.02020664,0.04066036,4.08671407,3.28146816,False
0.5,0.6,-0.1,750.0,100,0,0,0.0,False,0.2038973,0.2138104,0.19805027,0.22844386,0.02056743,0.04073789,4.10959013,3.30534022,False
0.5,0.6,-0.1,1000.0,100,0,0,0.0,False,0.2036627,0.21375893,0.19835294,0.228495,0.02057762,0.04074321,4.11489644,3.31172974,False
0.5,0.6,0.0,200.0,100,0,0,0.0,False,0.26302479,0.25655299,0.22377061,0.23225772,0.01271335,0.02042782,5.24495706,5.2138208,False
0.5,0.6,0.0,350.0,100,0,0,0.0,False,0.24999789,0.23943751,0.18930835,0.18577784,0.01643876,0.0214672,4.20161585,3.09865393,False
0.5,0.6,0.0,500.0,100,0,0,0.0,False,0.22929033,0.22367214,0.20015856,0.18743687,0.01827046,0.02294505,4.3521326,3.24656744,False
0.5,0.6,0.0,750.0,100,0,0,0.0,False,0.22800833,0.2233351,0.20160252,0.18786304,0.01835333,0.02299264,4.37542592,3.27253374,False
0.5,0.6,0.0,1000.0,100,0,0,0.0,False,0.22800833,0.2233351,0.20160252,0.18786304,0.01835333,0.02299264,4.37542592,3.27253374,False
0.5,0.6,0.1,200.0,100,0,0,0.0,False,0.25459418,0.28378923,0.18165117,0.22015246,0.01459432,0.02482273,4.0475446,3.90264666,True
0.5,0.6,0.1,350.0,100,0,0,0.0,False,0.19823167,0.20881006,0.19163042,0.21236949,0.01928059,0.02707479,3.93084055,3.2189301,True
0.5,0.6,0.1,500.0,100,0,0,0.0,False,0.18992907,0.20107684,0.19647286,0.21339481,0.02012892,0.02756429,3.99706871,3.29389671,False
0.5,0.6,0.1,750.0,100,0,0,0.0,False,0.18977315,0.20102936,0.19671766,0.2134923,0.02013921,0.02757701,4.00112066,3.2993689,False
0.5,0.6,0.1,1000.0,100,0,0,0.0,False,0.18977315,0.20102936,0.19671766,0.2134923,0.02013921,0.02757701,4.00112066,3.2993689,False
0.5,0.6,0.2,200.0,100,0,0,0.0,False,0.23958488,0.26963522,0.19283496,0.22375713,0.01371007,0.02213879,4.77668354,4.85831845,True
0.5,0.6,0.2,350.0,100,0,0,0.0,False,0.19028563,0.19996149,0.18459944,0.19465025,0.01888509,0.02464758,4.24997706,3.49165942,False
0.5,0.6,0.2,500.0,100,0,0,0.0,False,0.17450354,0.18127337,0.19254977,0.19722681,0.02063624,0.02592644,4.34667009,3.58501527,False
0.5,0.6,0.2,750.0,100,0,0,0.0,False,0.17210907,0.17955277,0.19459282,0.19776085,0.02085867,0.02608551,4.37731191,3.61578104,False
0.5,0.6,0.2,1000.0,100,0,0,0.0,False,0.17210907,0.17955277,0.19459282,0.19776085,0.02085867,0.02608551,4.37731191,3.61578104,False
0.5,0.7,-0.2,200.0,99,19,1,0.01,False,0.45203887,0.36594737,0.08759987,0.11729841,0.00171432,0.00574022,5.89254382,4.38480837,False
0.5,0.7,-0.2,350.0,99,9,1,0.01,False,0.36932444,0.30110484,0.11398606,0.12256583,0.00350863,0.00840132,6.10607338,4.4533923,False
0.5,0.7,-0.2,500.0,100,5,0,0.0,False,0.32761922,0.27024818,0.11690498,0.10949252,0.00550878,0.01017787,5.91034358,4.21250504,False
0.5,0.7,-0.2,750.0,100,0,0,0.0,False,0.25627202,0.21025508,0.11790533,0.09773564,0.01046686,0.01340129,5.50887035,3.72384762,False
0.5,0.7,-0.2,1000.0,100,0,0,0.0,False,0.20853453,0.1807343,0.13022008,0.10521891,0.01601276,0.01699517,5.51113572,3.66225423,False
0.5,0.7,-0.1,200.0,100,19,0,0.0,False,0.45930145,0.3607659,0.12879779,0.18346976,0.00131968,0.0036449,7.15101417,5.31829422,False
0.5,0.7,-0.1,350.0,100,7,0,0.0,False,0.37815195,0.27906474,0.12329504,0.11835013,0.00369257,0.0078978,6.61213863,4.37198606,False
0.5,0.7,-0.1,500.0,100,4,0,0.0,False,0.32068418,0.23382576,0.13078012,0.10768978,0.00695599,0.01178954,6.40532137,4.10323899,False
0.5,0.7,-0.1,750.0,100,0,0,0.0,False,0.24849357,0.1792975,0.14000505,0.10361922,0.01149146,0.01372201,6.14831479,3.77295817,False
0.5,0.7,-0.1,1000.0,100,0,0,0.0,False,0.214218,0.1601501,0.14625888,0.10734499,0.0163701,0.01556596,6.0080197,3.57887259,False
0.5,0.7,0.0,200.0,100,22,0,0.0,False,0.46080537,0.35028714,0.11783559,0.16378302,0.00108354,0.00244087,6.68561164,4.88624709,False
0.5,0.7,0.0,350.0,100,4,0,0.0,False,0.38907166,0.29145037,0.11773457,0.11535536,0.00296035,0.00595292,6.3607717,4.33093443,False
0.5,0.7,0.0,500.0,100,1,0,0.0,False,0.3224663,0.25002276,0.13284296,0.1095715,0.00579943,0.00960999,6.32315787,4.14708553,False
0.5,0.7,0.0,750.0,100,1,0,0.0,False,0.26112808,0.21187096,0.1370374,0.10279975,0.01084867,0.01260248,5.94064989,3.73628474,False
0.5,0.7,0.0,1000.0,100,0,0,0.0,False,0.2266939,0.19645368,0.14248341,0.10609277,0.01589959,0.0152776,5.79310567,3.5368641,False
0.5,0.7,0.1,200.0,100,22,0,0.0,False,0.48992723,0.37318922,0.10121126,0.13228424,0.00117106,0.00271334,6.61950638,4.4424462,False
0.5,0.7,0.1,350.0,100,12,0,0.0,False,0.40456696,0.2983802,0.11125435,0.11271235,0.00352147,0.00769198,6.46803974,4.24934465,False
0.5,0.7,0.1,500.0,100,8,0,0.0,False,0.32727662,0.24398176,0.1286052,0.11269671,0.00611387,0.01033812,6.51941052,4.23673043,False
0.5,0.7,0.1,750.0,100,1,0,0.0,False,0.26707089,0.19301675,0.1270404,0.09861046,0.01115356,0.01310787,6.01663039,3.64259054,False
0.5,0.7,0.1,1000.0,100,0,0,0.0,False,0.21436844,0.15623515,0.13967853,0.10188095,0.01618687,0.0150463,6.02437931,3.59904979,False
0.5,0.7,0.2,200.0,97,20,3,0.03,False,0.48904438,0.39580959,0.07393666,0.0927392,0.0007798,0.00212957,5.8175404,4.01739883,False
0.5,0.7,0.2,350.0,100,8,0,0.0,False,0.38250195,0.31329757,0.11152902,0.12179082,0.00295139,0.0084002,6.3561384,4.50315521,False
0.5,0.7,0.2,500.0,100,2,0,0.0,False,0.30752408,0.24284022,0.11879448,0.10747143,0.00586895,0.01047013,6.13545713,4.23191575,False
0.5,0.7,0.2,750.0,100,1,0,0.0,False,0.22799323,0.17908095,0.12959278,0.10415715,0.01270974,0.01533671,5.8829299,3.90776436,False
0.5,0.7,0.2,1000.0,100,0,0,0.0,False,0.1857503,0.14516501,0.13926782,0.11066085,0.0186748,0.01890562,5.80200227,3.74452922,False
0.5,0.8,-0.2,200.0,84,55,16,0.16,True,0.85574143,0.61332377,0.02438302,0.03688669,0.00041934,0.00044316,5.47336049,3.00293644,True
0.5,0.8,-0.2,350.0,99,68,1,0.01,False,0.89486378,0.54851072,0.02326562,0.02353221,0.00051629,0.0005228,5.66701944,2.76123791,False
0.5,0.8,-0.2,500.0,99,64,1,0.01,False,0.92895742,0.58381767,0.02279338,0.0232184,0.00057349,0.00085855,5.61821236,2.73524199,True
0.5,0.8,-0.2,750.0,100,60,0,0.0,False,0.8880018,0.55353756,0.02473568,0.02867718,0.0009679,0.00212464,5.61769218,2.71572316,False
0.5,0.8,-0.2,1000.0,100,54,0,0.0,False,0.80799294,0.51433471,0.02788069,0.03406284,0.00157531,0.00357434,5.63575048,2.72862559,False
0.5,0.8,-0.1,200.0,95,66,5,0.05,False,0.83208598,0.55832411,0.0235354,0.02743356,0.00047235,0.00053351,5.61884557,2.90789163,False
0.5,0.8,-0.1,350.0,98,66,2,0.02,False,0.89107254,0.57192187,0.02060163,0.01764422,0.00042016,0.00046912,5.56471315,2.79532547,True
0.5,0.8,-0.1,500.0,100,64,0,0.0,False,0.89825368,0.56794753,0.02117327,0.0184159,0.00043484,0.00045185,5.58088763,2.76952521,False
0.5,0.8,-0.1,750.0,100,58,0,0.0,False,0.84564313,0.53081958,0.02344908,0.02378452,0.00072101,0.00122849,5.58426143,2.771262,False
0.5,0.8,-0.1,1000.0,100,54,0,0.0,False,0.76577771,0.49175437,0.02652181,0.02839998,0.00110695,0.00170663,5.60039255,2.78169622,False
0.5,0.8,0.0,200.0,98,71,2,0.02,False,0.83897057,0.48113491,0.02487015,0.01714291,0.00061439,0.00069119,5.98713829,2.61945386,False
0.5,0.8,0.0,350.0,99,72,1,0.01,False,0.9303914,0.56637702,0.02341876,0.01806736,0.00064025,0.00153698,5.93401408,2.58229076,False
0.5,0.8,0.0,500.0,100,69,0,0.0,False,0.9550661,0.54301226,0.02314578,0.02142858,0.00066845,0.00217428,5.91093531,2.55437057,False
0.5,0.8,0.0,750.0,99,64,1,0.01,False,0.93935887,0.5397838,0.02385288,0.02549077,0.00089078,0.00229995,5.8690935,2.54749258,False
0.5,0.8,0.0,1000.0,100,61,0,0.0,False,0.87617038,0.48581969,0.02475796,0.02541809,0.00115708,0.00241521,5.86667665,2.52490152,False
0.5,0.8,0.1,200.0,96,66,4,0.04,False,0.93691761,0.55142687,0.02375274,0.01712375,0.00055888,0.00064365,5.92237789,2.61980761,True
0.5,0.8,0.1,350.0,98,65,2,0.02,False,0.93328398,0.52048942,0.024783,0.02135563,0.00043297,0.00041725,5.93080067,2.59552323,True
0.5,0.8,0.1,500.0,99,65,1,0.01,False,0.95372327,0.54213102,0.02589464,0.02672867,0.0005349,0.00056156,5.92606806,2.58431427,True
0.5,0.8,0.1,750.0,100,61,0,0.0,False,0.93098355,0.53624138,0.02599686,0.02731803,0.00094909,0.00180718,5.86907656,2.52785529,False
0.5,0.8,0.1,1000.0,100,56,0,0.0,False,0.83711924,0.49266504,0.02887453,0.02993076,0.00158163,0.00305947,5.88461694,2.53502115,False
0.5,0.8,0.2,200.0,88,57,12,0.12,True,0.90044614,0.6477048,0.01976852,0.01841232,0.00042996,0.00045002,5.32101379,2.93942188,True
0.5,0.8,0.2,350.0,95,61,5,0.05,False,0.9070331,0.62308557,0.02000435,0.01649062,0.00042532,0.00045539,5.42769214,2.85186423,True
0.5,0.8,0.2,500.0,95,57,5,0.05,False,0.92873948,0.63148388,0.02041854,0.01920599,0.00049347,0.00082513,5.40530835,2.84520426,True
0.5,0.8,0.2,750.0,98,57,2,0.02,False,0.8561314,0.58322408,0.02330553,0.024552,0.00092141,0.00186912,5.46511103,2.81832857,False
0.5,0.8,0.2,1000.0,97,52,3,0.03,False,0.76630632,0.52541761,0.0258581,0.02828962,0.00146565,0.00288149,5.44995729,2.82590051,False
0.6,0.4,-0.2,200.0,100,0,0,0.0,False,0.0060442,0.03341911,0.09615873,0.58568281,0.0,0.0,1.04525292,2.04675681,True
0.6,0.4,-0.2,350.0,100,0,0,0.0,False,0.0060442,0.03341911,0.09615873,0.58568281,0.0,0.0,1.04525292,2.04675681,True
0.6,0.4,-0.2,500.0,100,0,0,0.0,False,0.0060442,0.03341911,0.09615873,0.58568281,0.0,0.0,1.04525292,2.04675681,True
0.6,0.4,-0.2,750.0,100,0,0,0.0,False,0.0060442,0.03341911,0.09615873,0.58568281,0.0,0.0,1.04525292,2.04675681,True
0.6,0.4,-0.2,1000.0,100,0,0,0.0,False,0.0060442,0.03341911,0.09615873,0.58568281,0.0,0.0,1.04525292,2.04675681,True
0.6,0.4,-0.1,200.0,100,0,0,0.0,False,0.00025163,0.0025163,0.09,0.53361735,0.02,0.14070529,1.22687051,3.33202575,False
0.6,0.4,-0.1,350.0,100,0,0,0.0,False,0.00025163,0.0025163,0.09,0.53361735,0.02,0.14070529,1.22687051,3.33202575,False
0.6,0.4,-0.1,500.0,100,0,0,0.0,False,0.00025163,0.0025163,0.09,0.53361735,0.02,0.14070529,1.22687051,3.33202575,False
0.6,0.4,-0.1,750.0,100,0,0,0.0,False,0.00025163,0.0025163,0.09,0.53361735,0.02,0.14070529,1.22687051,3.33202575,False
0.6,0.4,-0.1,1000.0,100,0,0,0.0,False,0.00025163,0.0025163,0.09,0.53361735,0.02,0.14070529,1.22687051,3.33202575,False
0.6,0.4,0.0,200.0,100,0,0,0.0,False,0.00252792,0.01778872,0.01933333,0.14565769,0.00333333,0.03333333,0.78029511,0.67790874,True
0.6,0.4,0.0,350.0,100,0,0,0.0,False,0.00252792,0.01778872,0.01933333,0.14565769,0.00333333,0.03333333,0.78029511,0.67790874,True
0.6,0.4,0.0,500.0,100,0,0,0.0,False,0.00252792,0.01778872,0.01933333,0.14565769,0.00333333,0.03333333,0.78029511,0.67790874,True
0.6,0.4,0.0,750.0,100,0,0,0.0,False,0.00252792,0.01778872,0.01933333,0.14565769,0.00333333,0.03333333,0.78029511,0.67790874,True
0.6,0.4,0.0,1000.0,100,0,0,0.0,False,0.00252792,0.01778872,0.01933333,0.14565769,0.00333333,0.03333333,0.78029511,0.67790874,True
0.6,0.4,0.1,200.0,100,0,0,0.0,False,0.00124763,0.01247633,0.048,0.4071284,0.01,0.1,1.00810084,2.85541441,False
0.6,0.4,0.1,350.0,100,0,0,0.0,False,0.00124763,0.01247633,0.048,0.4071284,0.01,0.1,1.00810084,2.85541441,False
0.6,0.4,0.1,500.0,100,0,0,0.0,False,0.00124763,0.01247633,0.048,0.4071284,0.01,0.1,1.00810084,2.85541441,False
0.6,0.4,0.1,750.0,100,0,0,0.0,False,0.00124763,0.01247633,0.048,0.4071284,0.01,0.1,1.00810084,2.85541441,False
0.6,0.4,0.1,1000.0,100,0,0,0.0,False,0.00124763,0.01247633,0.048,0.4071284,0.01,0.1,1.00810084,2.85541441,False
0.6,0.4,0.2,200.0,100,0,0,0.0,False,0.00397611,0.02395107,0.02,0.13162167,0.0,0.0,0.77546398,0.52816786,True
0.6,0.4,0.2,350.0,100,0,0,0.0,False,0.00397611,0.02395107,0.02,0.13162167,0.0,0.0,0.77546398,0.52816786,True
0.6,0.4,0.2,500.0,100,0,0,0.0,False,0.00397611,0.02395107,0.02,0.13162167,0.0,0.0,0.77546398,0.52816786,True
0.6,0.4,0.2,750.0,100,0,0,0.0,False,0.00397611,0.02395107,0.02,0.13162167,0.0,0.0,0.77546398,0.52816786,True
0.6,0.4,0.2,1000.0,100,0,0,0.0,False,0.00397611,0.02395107,0.02,0.13162167,0.0,0.0,0.77546398,0.52816786,True
0.6,0.5,-0.2,200.0,100,0,0,0.0,False,0.05180518,0.1112138,0.20351896,0.56548694,0.0066319,0.02982762,2.05701727,2.97628931,True
0.6,0.5,-0.2,350.0,100,0,0,0.0,False,0.05180518,0.1112138,0.20351896,0.56548694,0.0066319,0.02982762,2.05701727,2.97628931,True
0.6,0.5,-0.2,500.0,100,0,0,0.0,False,0.05180518,0.1112138,0.20351896,0.56548694,0.0066319,0.02982762,2.05701727,2.97628931,True
0.6,0.5,-0.2,750.0,100,0,0,0.0,False,0.05180518,0.1112138,0.20351896,0.56548694,0.0066319,0.02982762,2.05701727,2.97628931,True
0.6,0.5,-0.2,1000.0,100,0,0,0.0,False,0.05180518,0.1112138,0.20351896,0.56548694,0.0066319,0.02982762,2.05701727,2.97628931,True
0.6,0.5,-0.1,200.0,100,0,0,0.0,False,0.03296308,0.08330085,0.14618014,0.41928936,0.00579106,0.03440967,1.54500208,2.03290308,True
0.6,0.5,-0.1,350.0,100,0,0,0.0,False,0.03296308,0.08330085,0.14618014,0.41928936,0.00579106,0.03440967,1.54500208,2.03290308,True
0.6,0.5,-0.1,500.0,100,0,0,0.0,False,0.03296308,0.08330085,0.14618014,0.41928936,0.00579106,0.03440967,1.54500208,2.03290308,True
0.6,0.5,-0.1,750.0,100,0,0,0.0,False,0.03296308,0.08330085,0.14618014,0.41928936,0.00579106,0.03440967,1.54500208,2.03290308,True
0.6,0.5,-0.1,1000.0,100,0,0,0.0,False,0.03296308,0.08330085,0.14618014,0.41928936,0.00579106,0.03440967,1.54500208,2.03290308,True
0.6,0.5,0.0,200.0,100,0,0,0.0,False,0.04909873,0.12326612,0.15182205,0.40014496,0.00652778,0.04267372,1.63184748,2.26780478,True
0.6,0.5,0.0,350.0,100,0,0,0.0,False,0.04909873,0.12326612,0.15182205,0.40014496,0.00652778,0.04267372,1.63184748,2.26780478,True
0.6,0.5,0.0,500.0,100,0,0,0.0,False,0.04909873,0.12326612,0.15182205,0.40014496,0.00652778,0.04267372,1.63184748,2.26780478,True
0.6,0.5,0.0,750.0,100,0,0,0.0,False,0.04909873,0.12326612,0.15182205,0.40014496,0.00652778,0.04267372,1.63184748,2.26780478,True
0.6,0.5,0.0,1000.0,100,0,0,0.0,False,0.04909873,0.12326612,0.15182205,0.40014496,0.00652778,0.04267372,1.63184748,2.26780478,True
0.6,0.5,0.1,200.0,100,0,0,0.0,False,0.05132474,0.10382792,0.19661793,0.4489347,0.00369613,0.0144116,1.88071852,2.32605601,True
0.6,0.5,0.1,350.0,100,0,0,0.0,False,0.05132474,0.10382792,0.19661793,0.4489347,0.00369613,0.0144116,1.88071852,2.32605601,True
0.6,0.5,0.1,500.0,100,0,0,0.0,False,0.05132474,0.10382792,0.19661793,0.4489347,0.00369613,0.0144116,1.88071852,2.32605601,True
0.6,0.5,0.1,750.0,100,0,0,0.0,False,0.05132474,0.10382792,0.19661793,0.4489347,0.00369613,0.0144116,1.88071852,2.32605601,True
0.6,0.5,0.1,1000.0,100,0,0,0.0,False,0.05132474,0.10382792,0.19661793,0.4489347,0.00369613,0.0144116,1.88071852,2.32605601,True
0.6,0.5,0.2,200.0,100,0,0,0.0,False,0.04815975,0.10534978,0.28344466,0.98099316,0.01088677,0.03659492,2.31620771,3.94963126,False
0.6,0.5,0.2,350.0,100,0,0,0.0,False,0.04815975,0.10534978,0.28344466,0.98099316,0.01088677,0.03659492,2.31620771,3.94963126,False
0.6,0.5,0.2,500.0,100,0,0,0.0,False,0.04815975,0.10534978,0.28344466,0.98099316,0.01088677,0.03659492,2.31620771,3.94963126,False
0.6,0.5,0.2,750.0,100,0,0,0.0,False,0.04815975,0.10534978,0.28344466,0.98099316,0.01088677,0.03659492,2.31620771,3.94963126,False
0.6,0.5,0.2,1000.0,100,0,0,0.0,False,0.04815975,0.10534978,0.28344466,0.98099316,0.01088677,0.03659492,2.31620771,3.94963126,False
0.6,0.6,-0.2,200.0,100,0,0,0.0,False,0.16075486,0.21108692,0.20501547,0.29581126,0.00771516,0.01750641,3.53267523,3.86761349,False
0.6,0.6,-0.2,350.0,100,0,0,0.0,False,0.1544169,0.20426468,0.20578121,0.28966259,0.00831985,0.01811133,3.4578485,3.40872474,False
0.6,0.6,-0.2,500.0,100,0,0,0.0,False,0.1544169,0.20426468,0.20578121,0.28966259,0.00831985,0.01811133,3.4578485,3.40872474,False
0.6,0.6,-0.2,750.0,100,0,0,0.0,False,0.1544169,0.20426468,0.20578121,0.28966259,0.00831985,0.01811133,3.4578485,3.40872474,False
0.6,0.6,-0.2,1000.0,100,0,0,0.0,False,0.1544169,0.20426468,0.20578121,0.28966259,0.00831985,0.01811133,3.4578485,3.40872474,False
0.6,0.6,-0.1,200.0,100,0,0,0.0,False,0.14778468,0.18998821,0.24235545,0.44006676,0.00874265,0.02345535,3.71872765,3.83428054,False
0.6,0.6,-0.1,350.0,100,0,0,0.0,False,0.14091966,0.17703531,0.24264106,0.43800913,0.00918224,0.02358772,3.63837103,3.48549582,False
0.6,0.6,-0.1,500.0,100,0,0,0.0,False,0.13794694,0.17345919,0.24486653,0.43804587,0.00931968,0.02361347,3.66707131,3.51807267,False
0.6,0.6,-0.1,750.0,100,0,0,0.0,False,0.13794694,0.17345919,0.24486653,0.43804587,0.00931968,0.02361347,3.66707131,3.51807267,False
0.6,0.6,-0.1,1000.0,100,0,0,0.0,False,0.13794694,0.17345919,0.24486653,0.43804587,0.00931968,0.02361347,3.66707131,3.51807267,False
0.6,0.6,0.0,200.0,100,0,0,0.0,False,0.18622548,0.22753787,0.18661892,0.21926302,0.00616633,0.01149414,3.38237932,3.01378146,True
0.6,0.6,0.0,350.0,100,0,0,0.0,False,0.16517817,0.18949604,0.19637104,0.22195971,0.00692162,0.0121253,3.48490627,3.12851517,False
0.6,0.6,0.0,500.0,100,0,0,0.0,False,0.16517817,0.18949604,0.19637104,0.22195971,0.00692162,0.0121253,3.48490627,3.12851517,False
0.6,0.6,0.0,750.0,100,0,0,0.0,False,0.16517817,0.18949604,0.19637104,0.22195971,0.00692162,0.0121253,3.48490627,3.12851517,False
0.6,0.6,0.0,1000.0,100,0,0,0.0,False,0.16517817,0.18949604,0.19637104,0.22195971,0.00692162,0.0121253,3.48490627,3.12851517,False
0.6,0.6,0.1,200.0,100,0,0,0.0,False,0.14219981,0.19634959,0.19007347,0.36259251,0.00562248,0.01356259,3.41128021,3.80973031,True
0.6,0.6,0.1,350.0,100,0,0,0.0,False,0.12298556,0.16342571,0.19637836,0.36081752,0.00656906,0.01416737,3.3658356,3.45664624,False
0.6,0.6,0.1,500.0,100,0,0,0.0,False,0.12216598,0.16270146,0.19747995,0.36123411,0.0065937,0.01417868,3.38051488,3.47879294,False
0.6,0.6,0.1,750.0,100,0,0,0.0,False,0.12216598,0.16270146,0.19747995,0.36123411,0.0065937,0.01417868,3.38051488,3.47879294,False
0.6,0.6,0.1,1000.0,100,0,0,0.0,False,0.12216598,0.16270146,0.19747995,0.36123411,0.0065937,0.01417868,3.38051488,3.47879294,False
0.6,0.6,0.2,200.0,100,0,0,0.0,False,0.13243966,0.17303567,0.16537504,0.21957413,0.00672576,0.01322331,3.25599915,3.30864889,True
0.6,0.6,0.2,350.0,100,0,0,0.0,False,0.12481328,0.16258362,0.17129467,0.22393466,0.00713494,0.0134554,3.29458108,3.31892305,False
0.6,0.6,0.2,500.0,100,0,0,0.0,False,0.12461046,0.16242619,0.17172223,0.22432054,0.00714222,0.01346428,3.30076383,3.32955445,False
0.6,0.6,0.2,750.0,100,0,0,0.0,False,0.12461046,0.16242619,0.17172223,0.22432054,0.00714222,0.01346428,3.30076383,3.32955445,False
0.6,0.6,0.2,1000.0,100,0,0,0.0,False,0.12461046,0.16242619,0.17172223,0.22432054,0.00714222,0.01346428,3.30076383,3.32955445,False
0.6,0.7,-0.2,200.0,100,4,0,0.0,False,0.34100573,0.32315132,0.17065891,0.21245278,0.00132627,0.00306919,6.92467232,6.27854623,False
0.6,0.7,-0.2,350.0,100,3,0,0.0,False,0.28277511,0.26128947,0.16522454,0.1706205,0.00302795,0.00519163,6.17192282,5.35366218,False
0.6,0.7,-0.2,500.0,100,0,0,0.0,False,0.25419652,0.23214235,0.14695437,0.135473,0.00528138,0.00744264,5.33162367,4.10564522,False
0.6,0.7,-0.2,750.0,100,0,0,0.0,False,0.20919709,0.20540468,0.16152864,0.13966375,0.00796769,0.00899869,5.27174677,3.81583498,False
0.6,0.7,-0.2,1000.0,100,0,0,0.0,False,0.18706643,0.20015582,0.18128172,0.15106909,0.00963594,0.01025104,5.53233686,4.03459362,False
0.6,0.7,-0.1,200.0,100,6,0,0.0,False,0.36407066,0.32161052,0.1844403,0.20506129,0.0010966,0.00240442,7.50835925,6.1586033,False
0.6,0.7,-0.1,350.0,100,3,0,0.0,False,0.29976557,0.24754044,0.16588663,0.16273489,0.00290153,0.00404073,6.32794774,5.07659363,False
0.6,0.7,-0.1,500.0,100,0,0,0.0,False,0.24546107,0.20086849,0.16558583,0.14268803,0.00585355,0.00666927,5.78864055,4.23403421,False
0.6,0.7,-0.1,750.0,100,0,0,0.0,False,0.19812686,0.16846299,0.18526171,0.14565673,0.0088615,0.00895573,5.80112307,3.91429842,False
0.6,0.7,-0.1,1000.0,100,0,0,0.0,False,0.18279612,0.16441729,0.19713111,0.15001184,0.01035321,0.00977441,5.91090467,3.93748428,False
0.6,0.7,0.0,200.0,100,4,0,0.0,False,0.33400464,0.30841381,0.18008972,0.21461945,0.00123488,0.00292643,7.15802232,6.29422882,False
0.6,0.7,0.0,350.0,100,0,0,0.0,False,0.27995162,0.2496264,0.16685827,0.17145862,0.00316307,0.00490795,6.23498445,5.45624464,False
0.6,0.7,0.0,500.0,100,0,0,0.0,False,0.23250846,0.20115787,0.16106238,0.13925121,0.00553162,0.006997,5.58853398,4.26100265,False
0.6,0.7,0.0,750.0,100,0,0,0.0,False,0.20509641,0.18401684,0.16353284,0.138371,0.00808232,0.00873616,5.27574816,3.70229447,False
0.6,0.7,0.0,1000.0,100,0,0,0.0,False,0.18691666,0.17776768,0.17756985,0.14562691,0.0095583,0.00957652,5.45247088,3.8524979,False
0.6,0.7,0.1,200.0,100,5,0,0.0,False,0.3648816,0.33724763,0.16164492,0.20575771,0.00101356,0.00306112,6.95291242,6.07849249,False
0.6,0.7,0.1,350.0,100,0,0,0.0,False,0.25076015,0.21944222,0.19310718,0.18230073,0.002792,0.00478205,6.91615773,5.80947209,False
0.6,0.7,0.1,500.0,100,0,0,0.0,False,0.22264035,0.1903422,0.17267892,0.14960641,0.00520298,0.00714142,5.85787645,4.46388229,False
0.6,0.7,0.1,750.0,100,0,0,0.0,False,0.18389362,0.1615113,0.18255417,0.15138108,0.00819199,0.00878171,5.58603579,3.88867791,False
0.6,0.7,0.1,1000.0,100,0,0,0.0,False,0.16464892,0.15387172,0.20217344,0.16074476,0.00945315,0.00953223,5.8739779,4.13399512,False
0.6,0.7,0.2,200.0,100,5,0,0.0,False,0.32708939,0.31860566,0.15370238,0.19928401,0.0012688,0.00397926,6.55456955,5.89278818,False
0.6,0.7,0.2,350.0,100,1,0,0.0,False,0.25761836,0.24229747,0.16783248,0.17778984,0.00316526,0.00583833,6.20070436,5.3978293,False
0.6,0.7,0.2,500.0,100,1,0,0.0,False,0.22065412,0.20832091,0.15876929,0.15408188,0.0053405,0.00747045,5.53145656,4.49688357,False
0.6,0.7,0.2,750.0,100,0,0,0.0,False,0.18214259,0.17779924,0.16536818,0.15518158,0.00885483,0.00949092,5.21534686,3.87595976,False
0.6,0.7,0.2,1000.0,100,0,0,0.0,False,0.15842385,0.16574805,0.18593064,0.16359083,0.01078275,0.01111444,5.53128713,4.1575493,False
0.6,0.8,-0.2,200.0,91,46,9,0.09,True,0.55320196,0.46454438,0.03772096,0.06850435,0.00022007,0.00028542,5.32664485,3.60692548,True
0.6,0.8,-0.2,350.0,96,43,4,0.04,False,0.53979259,0.42315982,0.03710445,0.04525903,0.00025726,0.0005098,5.35278959,3.37623511,False
0.6,0.8,-0.2,500.0,98,39,2,0.02,False,0.50707201,0.40343379,0.04274114,0.05022421,0.00042286,0.00103899,5.45273826,3.38947794,False
0.6,0.8,-0.2,750.0,99,33,1,0.01,False,0.45914241,0.3598634,0.05004798,0.05966379,0.00086496,0.00193616,5.4820884,3.38995122,False
0.6,0.8,-0.2,1000.0,100,28,0,0.0,False,0.40423109,0.33183575,0.05545047,0.06095734,0.00156597,0.00280317,5.48363246,3.33763327,False
0.6,0.8,-0.1,200.0,96,54,4,0.04,False,0.57993391,0.45943805,0.03280725,0.04846146,0.00033677,0.00046899,5.41358146,3.3641658,True
0.6,0.8,-0.1,350.0,96,53,4,0.04,False,0.57965416,0.44006664,0.03015995,0.0316562,0.00023336,0.00055889,5.30779601,3.22833145,True
0.6,0.8,-0.1,500.0,100,46,0,0.0,False,0.55476318,0.40252598,0.03406134,0.03642872,0.00030388,0.00086964,5.42252001,3.20822512,False
0.6,0.8,-0.1,750.0,100,38,0,0.0,False,0.47792474,0.35464688,0.0441078,0.04973899,0.00061281,0.00135548,5.5493255,3.32058601,False
0.6,0.8,-0.1,1000.0,100,28,0,0.0,False,0.42622689,0.33921254,0.05115824,0.05561047,0.00118398,0.00236524,5.57686341,3.33075751,False
0.6,0.8,0.0,200.0,93,59,7,0.07,True,0.59922388,0.40561339,0.0354711,0.06293816,0.00036376,0.00044054,5.9167723,3.32719407,False
0.6,0.8,0.0,350.0,99,63,1,0.01,False,0.62192866,0.39320661,0.03299357,0.03059088,0.0002436,0.00026084,5.91576543,2.99325711,True
0.6,0.8,0.0,500.0,99,56,1,0.01,False,0.59435896,0.37165895,0.03622737,0.03862123,0.00021143,0.00024672,5.94538471,3.03780676,True
0.6,0.8,0.0,750.0,100,51,0,0.0,False,0.54956637,0.34214788,0.03835434,0.03737601,0.0003677,0.00057471,5.91620729,2.97302791,False
0.6,0.8,0.0,1000.0,100,38,0,0.0,False,0.49782419,0.33009421,0.04708112,0.04574892,0.00082665,0.00140045,6.00349489,3.03377437,False
0.6,0.8,0.1,200.0,95,59,5,0.05,False,0.56546869,0.38298352,0.04523394,0.07332392,0.00038089,0.00045335,6.04104698,3.40322724,False
0.6,0.8,0.1,350.0,96,53,4,0.04,False,0.5929883,0.38920169,0.03653895,0.03636146,0.00028165,0.00037273,5.79932302,3.07909964,True
0.6,0.8,0.1,500.0,99,51,1,0.01,False,0.58576791,0.37294386,0.03955617,0.04077259,0.00032959,0.00056758,5.85208133,3.06789601,False
0.6,0.8,0.1,750.0,100,45,0,0.0,False,0.51185777,0.33653804,0.04799244,0.04882902,0.00079461,0.00178345,5.93015773,3.07468058,False
0.6,0.8,0.1,1000.0,100,33,0,0.0,False,0.45428884,0.31548686,0.0554744,0.05512319,0.00137045,0.00280117,5.97512041,3.09928358,False
0.6,0.8,0.2,200.0,84,47,16,0.16,True,0.5984673,0.44733117,0.03833121,0.06058649,0.00035865,0.00055825,5.53251342,3.33796538,True
0.6,0.8,0.2,350.0,97,55,3,0.03,False,0.59327193,0.400989,0.03683996,0.03588784,0.00047011,0.00112821,5.72560297,3.10178773,False
0.6,0.8,0.2,500.0,99,50,1,0.01,False,0.57253291,0.38136735,0.04366928,0.04968806,0.00066327,0.00209055,5.82451274,3.13473141,False
0.6,0.8,0.2,750.0,100,38,0,0.0,False,0.50904182,0.34806978,0.05224345,0.05827803,0.00100929,0.00249156,5.90999073,3.1681334,False
0.6,0.8,0.2,1000.0,98,30,2,0.02,False,0.42437554,0.30117224,0.05941349,0.06033077,0.00162077,0.00308397,5.89920824,3.18538734,False
0.7,0.4,-0.2,200.0,100,0,0,0.0,False,0.00274768,0.01985477,0.078,0.70202881,0.01,0.1,1.21665248,4.92429067,False
0.7,0.4,-0.2,350.0,100,0,0,0.0,False,0.00274768,0.01985477,0.078,0.70202881,0.01,0.1,1.21665248,4.92429067,False
0.7,0.4,-0.2,500.0,100,0,0,0.0,False,0.00274768,0.01985477,0.078,0.70202881,0.01,0.1,1.21665248,4.92429067,False
0.7,0.4,-0.2,750.0,100,0,0,0.0,False,0.00274768,0.01985477,0.078,0.70202881,0.01,0.1,1.21665248,4.92429067,False
0.7,0.4,-0.2,1000.0,100,0,0,0.0,False,0.00274768,0.01985477,0.078,0.70202881,0.01,0.1,1.21665248,4.92429067,False
0.7,0.4,-0.1,200.0,100,0,0,0.0,False,0.00675113,0.03145097,0.04411905,0.22125549,0.00083333,0.00833333,0.87432092,0.88941224,True
0.7,0.4,-0.1,350.0,100,0,0,0.0,False,0.00675113,0.03145097,0.04411905,0.22125549,0.00083333,0.00833333,0.87432092,0.88941224,True
0.7,0.4,-0.1,500.0,100,0,0,0.0,False,0.00675113,0.03145097,0.04411905,0.22125549,0.00083333,0.00833333,0.87432092,0.88941224,True
0.7,0.4,-0.1,750.0,100,0,0,0.0,False,0.00675113,0.03145097,0.04411905,0.22125549,0.00083333,0.00833333,0.87432092,0.88941224,True
0.7,0.4,-0.1,1000.0,100,0,0,0.0,False,0.00675113,0.03145097,0.04411905,0.22125549,0.00083333,0.00833333,0.87432092,0.88941224,True
0.7,0.4,0.0,200.0,100,0,0,0.0,False,0.00220147,0.01794951,0.01571429,0.11467287,0.00333333,0.03333333,0.7686361,0.55272879,True
0.7,0.4,0.0,350.0,100,0,0,0.0,False,0.00220147,0.01794951,0.01571429,0.11467287,0.00333333,0.03333333,0.7686361,0.55272879,True
0.7,0.4,0.0,500.0,100,0,0,0.0,False,0.00220147,0.01794951,0.01571429,0.11467287,0.00333333,0.03333333,0.7686361,0.55272879,True
0.7,0.4,0.0,750.0,100,0,0,0.0,False,0.00220147,0.01794951,0.01571429,0.11467287,0.00333333,0.03333333,0.7686361,0.55272879,True
0.7,0.4,0.0,1000.0,100,0,0,0.0,False,0.00220147,0.01794951,0.01571429,0.11467287,0.00333333,0.03333333,0.7686361,0.55272879,True
0.7,0.4,0.1,200.0,100,0,0,0.0,False,0.00242822,0.01732849,0.052,0.33829041,0.01,0.1,0.99216632,2.22640801,False
0.7,0.4,0.1,350.0,100,0,0,0.0,False,0.00242822,0.01732849,0.052,0.33829041,0.01,0.1,0.99216632,2.22640801,False
0.7,0.4,0.1,500.0,100,0,0,0.0,False,0.00242822,0.01732849,0.052,0.33829041,0.01,0.1,0.99216632,2.22640801,False
0.7,0.4,0.1,750.0,100,0,0,0.0,False,0.00242822,0.01732849,0.052,0.33829041,0.01,0.1,0.99216632,2.22640801,False
0.7,0.4,0.1,1000.0,100,0,0,0.0,False,0.00242822,0.01732849,0.052,0.33829041,0.01,0.1,0.99216632,2.22640801,False
0.7,0.4,0.2,200.0,100,0,0,0.0,False,0.00108173,0.01081728,0.0075,0.075,0.0,0.0,0.7191402,0.25993019,True
0.7,0.4,0.2,350.0,100,0,0,0.0,False,0.00108173,0.01081728,0.0075,0.075,0.0,0.0,0.7191402,0.25993019,True
0.7,0.4,0.2,500.0,100,0,0,0.0,False,0.00108173,0.01081728,0.0075,0.075,0.0,0.0,0.7191402,0.25993019,True
0.7,0.4,0.2,750.0,100,0,0,0.0,False,0.00108173,0.01081728,0.0075,0.075,0.0,0.0,0.7191402,0.25993019,True
0.7,0.4,0.2,1000.0,100,0,0,0.0,False,0.00108173,0.01081728,0.0075,0.075,0.0,0.0,0.7191402,0.25993019,True
0.7,0.5,-0.2,200.0,100,0,0,0.0,False,0.01631685,0.06045787,0.14109324,0.91408965,0.012,0.1017821,1.68983896,6.41103035,True
0.7,0.5,-0.2,350.0,100,0,0,0.0,False,0.01631685,0.06045787,0.14109324,0.91408965,0.012,0.1017821,1.68983896,6.41103035,True
0.7,0.5,-0.2,500.0,100,0,0,0.0,False,0.01631685,0.06045787,0.14109324,0.91408965,0.012,0.1017821,1.68983896,6.41103035,True
0.7,0.5,-0.2,750.0,100,0,0,0.0,False,0.01631685,0.06045787,0.14109324,0.91408965,0.012,0.1017821,1.68983896,6.41103035,True
0.7,0.5,-0.2,1000.0,100,0,0,0.0,False,0.01631685,0.06045787,0.14109324,0.91408965,0.012,0.1017821,1.68983896,6.41103035,True
0.7,0.5,-0.1,200.0,100,0,0,0.0,False,0.02235213,0.07013922,0.27910742,1.13509411,0.02066667,0.1407675,2.45695773,7.65039961,False
0.7,0.5,-0.1,350.0,100,0,0,0.0,False,0.02235213,0.07013922,0.27910742,1.13509411,0.02066667,0.1407675,2.45695773,7.65039961,False
0.7,0.5,-0.1,500.0,100,0,0,0.0,False,0.02235213,0.07013922,0.27910742,1.13509411,0.02066667,0.1407675,2.45695773,7.65039961,False
0.7,0.5,-0.1,750.0,100,0,0,0.0,False,0.02235213,0.07013922,0.27910742,1.13509411,0.02066667,0.1407675,2.45695773,7.65039961,False
0.7,0.5,-0.1,1000.0,100,0,0,0.0,False,0.02235213,0.07013922,0.27910742,1.13509411,0.02066667,0.1407675,2.45695773,7.65039961,False
0.7,0.5,0.0,200.0,100,0,0,0.0,False,0.03431383,0.081484,0.23136354,0.60235817,0.00774883,0.04139653,1.96349376,2.94408458,False
0.7,0.5,0.0,350.0,100,0,0,0.0,False,0.03431383,0.081484,0.23136354,0.60235817,0.00774883,0.04139653,1.96349376,2.94408458,False
0.7,0.5,0.0,500.0,100,0,0,0.0,False,0.03431383,0.081484,0.23136354,0.60235817,0.00774883,0.04139653,1.96349376,2.94408458,False
0.7,0.5,0.0,750.0,100,0,0,0.0,False,0.03431383,0.081484,0.23136354,0.60235817,0.00774883,0.04139653,1.96349376,2.94408458,False
0.7,0.5,0.0,1000.0,100,0,0,0.0,False,0.03431383,0.081484,0.23136354,0.60235817,0.00774883,0.04139653,1.96349376,2.94408458,False
0.7,0.5,0.1,200.0,100,0,0,0.0,False,0.04047013,0.10945813,0.18286386,0.66781412,0.01252632,0.10185547,1.80870839,3.69339706,False
0.7,0.5,0.1,350.0,100,0,0,0.0,False,0.04047013,0.10945813,0.18286386,0.66781412,0.01252632,0.10185547,1.80870839,3.69339706,False
0.7,0.5,0.1,500.0,100,0,0,0.0,False,0.04047013,0.10945813,0.18286386,0.66781412,0.01252632,0.10185547,1.80870839,3.69339706,False
0.7,0.5,0.1,750.0,100,0,0,0.0,False,0.04047013,0.10945813,0.18286386,0.66781412,0.01252632,0.10185547,1.80870839,3.69339706,False
0.7,0.5,0.1,1000.0,100,0,0,0.0,False,0.04047013,0.10945813,0.18286386,0.66781412,0.01252632,0.10185547,1.80870839,3.69339706,False
0.7,0.5,0.2,200.0,100,0,0,0.0,False,0.02209026,0.07205036,0.20641967,0.80855928,0.01271429,0.10194754,1.84331137,4.03340328,False
0.7,0.5,0.2,350.0,100,0,0,0.0,False,0.02209026,0.07205036,0.20641967,0.80855928,0.01271429,0.10194754,1.84331137,4.03340328,False
0.7,0.5,0.2,500.0,100,0,0,0.0,False,0.02209026,0.07205036,0.20641967,0.80855928,0.01271429,0.10194754,1.84331137,4.03340328,False
0.7,0.5,0.2,750.0,100,0,0,0.0,False,0.02209026,0.07205036,0.20641967,0.80855928,0.01271429,0.10194754,1.84331137,4.03340328,False
0.7,0.5,0.2,1000.0,100,0,0,0.0,False,0.02209026,0.07205036,0.20641967,0.80855928,0.01271429,0.10194754,1.84331137,4.03340328,False
0.7,0.6,-0.2,200.0,100,0,0,0.0,False,0.11423147,0.16956766,0.2142657,0.3380203,0.00197715,0.00729153,2.86851185,3.16512763,True
0.7,0.6,-0.2,350.0,100,0,0,0.0,False,0.11423147,0.16956766,0.2142657,0.3380203,0.00197715,0.00729153,2.86851185,3.16512763,True
0.7,0.6,-0.2,500.0,100,0,0,0.0,False,0.11423147,0.16956766,0.2142657,0.3380203,0.00197715,0.00729153,2.86851185,3.16512763,True
0.7,0.6,-0.2,750.0,100,0,0,0.0,False,0.11423147,0.16956766,0.2142657,0.3380203,0.00197715,0.00729153,2.86851185,3.16512763,True
0.7,0.6,-0.2,1000.0,100,0,0,0.0,False,0.11423147,0.16956766,0.2142657,0.3380203,0.00197715,0.00729153,2.86851185,3.16512763,True
0.7,0.6,-0.1,200.0,100,0,0,0.0,False,0.1343406,0.17557471,0.24278931,0.35678324,0.00128108,0.00532606,3.17286225,3.07607322,True
0.7,0.6,-0.1,350.0,100,0,0,0.0,False,0.1343406,0.17557471,0.24278931,0.35678324,0.00128108,0.00532606,3.17286225,3.07607322,True
0.7,0.6,-0.1,500.0,100,0,0,0.0,False,0.1343406,0.17557471,0.24278931,0.35678324,0.00128108,0.00532606,3.17286225,3.07607322,True
0.7,0.6,-0.1,750.0,100,0,0,0.0,False,0.1343406,0.17557471,0.24278931,0.35678324,0.00128108,0.00532606,3.17286225,3.07607322,True
0.7,0.6,-0.1,1000.0,100,0,0,0.0,False,0.1343406,0.17557471,0.24278931,0.35678324,0.00128108,0.00532606,3.17286225,3.07607322,True
0.7,0.6,0.0,200.0,100,0,0,0.0,False,0.13535048,0.19057334,0.18706038,0.26758199,0.00131568,0.00457628,2.92539985,3.02196572,True
0.7,0.6,0.0,350.0,100,0,0,0.0,False,0.1293958,0.17750847,0.1901722,0.26879108,0.00138955,0.00467679,2.95879604,3.07339231,False
0.7,0.6,0.0,500.0,100,0,0,0.0,False,0.1293958,0.17750847,0.1901722,0.26879108,0.00138955,0.00467679,2.95879604,3.07339231,False
0.7,0.6,0.0,750.0,100,0,0,0.0,False,0.1293958,0.17750847,0.1901722,0.26879108,0.00138955,0.00467679,2.95879604,3.07339231,False
0.7,0.6,0.0,1000.0,100,0,0,0.0,False,0.1293958,0.17750847,0.1901722,0.26879108,0.00138955,0.00467679,2.95879604,3.07339231,False
0.7,0.6,0.1,200.0,100,0,0,0.0,False,0.11789322,0.18332575,0.26141324,0.91798312,0.00178766,0.00551786,3.02412788,4.07405488,False
0.7,0.6,0.1,350.0,100,0,0,0.0,False,0.11033379,0.17058982,0.26711458,0.91824564,0.00192853,0.00572388,3.08208207,4.13834262,False
0.7,0.6,0.1,500.0,100,0,0,0.0,False,0.11033379,0.17058982,0.26711458,0.91824564,0.00192853,0.00572388,3.08208207,4.13834262,False
0.7,0.6,0.1,750.0,100,0,0,0.0,False,0.11033379,0.17058982,0.26711458,0.91824564,0.00192853,0.00572388,3.08208207,4.13834262,False
0.7,0.6,0.1,1000.0,100,0,0,0.0,False,0.11033379,0.17058982,0.26711458,0.91824564,0.00192853,0.00572388,3.08208207,4.13834262,False
0.7,0.6,0.2,200.0,100,0,0,0.0,False,0.12431185,0.18175305,0.22799321,0.35105442,0.00251506,0.00741649,3.25324784,3.42575396,False
0.7,0.6,0.2,350.0,100,0,0,0.0,False,0.12031633,0.17741974,0.23109422,0.35035331,0.00251089,0.00742906,3.25960598,3.43663496,False
0.7,0.6,0.2,500.0,100,0,0,0.0,False,0.12031633,0.17741974,0.23109422,0.35035331,0.00251089,0.00742906,3.25960598,3.43663496,False
0.7,0.6,0.2,750.0,100,0,0,0.0,False,0.12031633,0.17741974,0.23109422,0.35035331,0.00251089,0.00742906,3.25960598,3.43663496,False
0.7,0.6,0.2,1000.0,100,0,0,0.0,False,0.12031633,0.17741974,0.23109422,0.35035331,0.00251089,0.00742906,3.25960598,3.43663496,False
0.7,0.7,-0.2,200.0,100,0,0,0.0,False,0.28563133,0.30695796,0.19214052,0.25553402,0.0005755,0.00158126,6.52075652,7.00690015,False
0.7,0.7,-0.2,350.0,100,0,0,0.0,False,0.22307285,0.22724378,0.15950532,0.16354047,0.00196203,0.00348678,4.86984986,4.14363026,True
0.7,0.7,-0.2,500.0,100,0,0,0.0,False,0.18746795,0.19855255,0.17763139,0.17502835,0.00267481,0.00392111,4.89351539,3.9710225,False
0.7,0.7,-0.2,750.0,100,0,0,0.0,False,0.16918684,0.18684104,0.19141689,0.18207969,0.00317848,0.00441661,5.02891673,4.06240088,False
0.7,0.7,-0.2,1000.0,100,0,0,0.0,False,0.16630876,0.18639479,0.19529001,0.18406327,0.00333115,0.00457961,5.08533659,4.12185814,False
0.7,0.7,-0.1,200.0,100,0,0,0.0,False,0.25885446,0.26817146,0.26368614,0.30736163,0.00081135,0.00246561,8.08184085,8.15642604,False
0.7,0.7,-0.1,350.0,100,0,0,0.0,False,0.24327293,0.22762972,0.17873147,0.17968303,0.00202476,0.00361842,5.43112621,4.77597126,False
0.7,0.7,-0.1,500.0,100,0,0,0.0,False,0.20372069,0.19132497,0.18526539,0.17003652,0.00272025,0.00395395,5.12760568,3.85484174,False
0.7,0.7,-0.1,750.0,100,0,0,0.0,False,0.17732915,0.17643349,0.20496816,0.17963396,0.00340231,0.00434599,5.31362496,3.99209015,False
0.7,0.7,-0.1,1000.0,100,0,0,0.0,False,0.1740637,0.17603775,0.21050259,0.18286803,0.00350121,0.00441243,5.40212552,4.08297832,False
0.7,0.7,0.0,200.0,100,0,0,0.0,False,0.2989589,0.29119633,0.25289455,0.28492832,0.00053623,0.00150674,7.75422444,7.55911271,False
0.7,0.7,0.0,350.0,100,0,0,0.0,False,0.23483561,0.2104521,0.20525702,0.19364355,0.00194525,0.00337739,5.71854261,4.88309842,False
0.7,0.7,0.0,500.0,100,0,0,0.0,False,0.20189141,0.17935685,0.2089751,0.18015929,0.00268182,0.00386355,5.38025551,3.94387414,False
0.7,0.7,0.0,750.0,100,0,0,0.0,False,0.18263357,0.1696995,0.22614639,0.18604851,0.00314104,0.00410061,5.56012513,4.01832355,False
0.7,0.7,0.0,1000.0,100,0,0,0.0,False,0.1807045,0.16960917,0.22983027,0.18821181,0.00320808,0.00417958,5.61788975,4.08051232,False
0.7,0.7,0.1,200.0,100,0,0,0.0,False,0.32207842,0.30525092,0.20499594,0.23515446,0.0007724,0.00177414,6.52479822,6.36168581,False
0.7,0.7,0.1,350.0,100,0,0,0.0,False,0.25454174,0.2317175,0.18502056,0.16644538,0.0017293,0.00326769,5.26551553,4.1407552,False
0.7,0.7,0.1,500.0,100,0,0,0.0,False,0.22133876,0.20577035,0.19581859,0.16866108,0.00243874,0.00386803,5.18841329,3.85807406,False
0.7,0.7,0.1,750.0,100,0,0,0.0,False,0.20635845,0.20106509,0.20680436,0.17313955,0.00293657,0.00441572,5.24448601,3.80287648,False
0.7,0.7,0.1,1000.0,100,0,0,0.0,False,0.20350525,0.20080764,0.21073307,0.17515964,0.00300013,0.00445809,5.30469547,3.86714581,False
0.7,0.7,0.2,200.0,100,1,0,0.0,False,0.29357855,0.27454157,0.20834392,0.22910834,0.00064727,0.00191914,6.54370914,6.19360201,False
0.7,0.7,0.2,350.0,100,0,0,0.0,False,0.2275065,0.20619049,0.20171692,0.18841227,0.00194926,0.00346964,5.5117087,4.64933182,False
0.7,0.7,0.2,500.0,100,0,0,0.0,False,0.19865736,0.18403205,0.21169279,0.18545924,0.00282171,0.0042524,5.30313624,3.99115776,False
0.7,0.7,0.2,750.0,100,0,0,0.0,False,0.1844772,0.17952215,0.22781676,0.19484515,0.00348533,0.00496942,5.4801389,4.13285428,False
0.7,0.7,0.2,1000.0,100,0,0,0.0,False,0.18206438,0.17923553,0.23126885,0.19600809,0.00358245,0.0050439,5.53264398,4.18419348,False
0.7,0.8,-0.2,200.0,95,31,5,0.05,False,0.42301573,0.35779567,0.05958304,0.08715515,0.00013731,0.0002004,5.53965466,3.99863368,True
0.7,0.8,-0.2,350.0,100,32,0,0.0,False,0.36153004,0.29122731,0.07307536,0.09228464,0.00025518,0.0006654,5.83034785,4.09421997,False
0.7,0.8,-0.2,500.0,100,28,0,0.0,False,0.32694626,0.26030022,0.07572535,0.08494234,0.00036084,0.00090864,5.71260166,3.9076508,False
0.7,0.8,-0.2,750.0,100,14,0,0.0,False,0.26619623,0.2158279,0.0895487,0.08898992,0.00078374,0.00141749,5.75320222,3.91432526,False
0.7,0.8,-0.2,1000.0,100,5,0,0.0,False,0.21291488,0.18250497,0.10743092,0.09820447,0.00149192,0.00216264,5.87971477,3.98950151,False
0.7,0.8,-0.1,200.0,97,45,3,0.03,False,0.43709198,0.32014182,0.05653969,0.07829017,0.00017135,0.00024545,6.12176856,3.79319824,True
0.7,0.8,-0.1,350.0,99,38,1,0.01,False,0.39193099,0.27901483,0.07399188,0.08828493,0.00014866,0.00033797,6.41127035,3.95005514,False
0.7,0.8,-0.1,500.0,100,27,0,0.0,False,0.35003327,0.24404929,0.08538267,0.09084635,0.0002569,0.00063246,6.48544203,3.93966394,False
0.7,0.8,-0.1,750.0,100,14,0,0.0,False,0.29739089,0.21392487,0.09682673,0.08661018,0.00073019,0.00151444,6.41347722,3.80829922,False
0.7,0.8,-0.1,1000.0,100,5,0,0.0,False,0.22955456,0.1669679,0.11418401,0.09017416,0.00144468,0.00239191,6.48746062,3.7922652,False
0.7,0.8,0.0,200.0,97,50,3,0.03,False,0.43934303,0.30993622,0.06177787,0.09789542,0.00020542,0.0003201,6.30069784,3.9515994,True
0.7,0.8,0.0,350.0,98,42,2,0.02,False,0.39913429,0.27945558,0.06832866,0.0873928,0.00014267,0.00035749,6.36777231,3.88520133,False
0.7,0.8,0.0,500.0,100,32,0,0.0,False,0.38051725,0.26954133,0.07501662,0.07948064,0.00024461,0.00078948,6.391343,3.73644264,False
0.7,0.8,0.0,750.0,100,19,0,0.0,False,0.308307,0.22101594,0.09281437,0.08256322,0.0005965,0.00130586,6.50576299,3.78374255,False
0.7,0.8,0.0,1000.0,100,11,0,0.0,False,0.23628741,0.17343969,0.11210029,0.091572,0.00128292,0.00205633,6.60984997,3.81081045,False
0.7,0.8,0.1,200.0,99,45,1,0.01,False,0.46382131,0.31612616,0.06297877,0.0849902,0.00021983,0.00034183,6.37748699,3.76638006,False
0.7,0.8,0.1,350.0,100,37,0,0.0,False,0.40196299,0.26936757,0.07607548,0.08554904,0.00020405,0.00045193,6.5184835,3.76653182,False
0.7,0.8,0.1,500.0,100,27,0,0.0,False,0.35892044,0.23952324,0.0902205,0.08993932,0.00033948,0.00087863,6.66954518,3.86504108,False
0.7,0.8,0.1,750.0,100,12,0,0.0,False,0.29283731,0.20172833,0.1073253,0.09084978,0.00079811,0.00147156,6.69906215,3.84751575,False
0.7,0.8,0.1,1000.0,100,5,0,0.0,False,0.23349781,0.16581053,0.12259109,0.09198878,0.00160337,0.0023194,6.69823969,3.77436647,False
0.7,0.8,0.2,200.0,90,37,10,0.1,True,0.47204043,0.38424466,0.05924388,0.09110714,0.00024575,0.00052535,5.82829714,4.01156129,False
0.7,0.8,0.2,350.0,98,34,2,0.02,False,0.4112734,0.30773062,0.07378107,0.09085326,0.00030625,0.00088672,6.17647134,3.92542931,False
0.7,0.8,0.2,500.0,100,25,0,0.0,False,0.38720626,0.28413124,0.08017178,0.08862723,0.0004598,0.00127491,6.17811538,3.81496473,False
0.7,0.8,0.2,750.0,100,16,0,0.0,False,0.30459663,0.23402394,0.10026861,0.09387452,0.00094811,0.00181086,6.33600779,3.90818564,False
0.7,0.8,0.2,1000.0,99,7,1,0.01,False,0.23674158,0.19077386,0.11345185,0.09345612,0.00173179,0.00245686,6.26981055,3.77679053,False
