name,treatment,NCF_exp,hypoxia_proxy,beta_proxy,ki67_gradient,condensing_proxy,warburg_adaptation,R_eff,rank,dist,alpha,beta,gamma,n_a,NCF_sim,MEI,Fitness,Dissipation,C_est,R_sim,b_gamma,delta_NCF,MEI_level,strategy
1418,Treated,0.077609,0.1849,1.2843,0.9357,0.6297,1.1656,23024.0,1,0.47588,0.5,0.4,-0.1,1000,0.03077,0.09364,0.00832,1.3685,0.3462,0.9509,0.36,0.04684,LOW,Explosive
1418,Treated,0.077609,0.1849,1.2843,0.9357,0.6297,1.1656,23024.0,2,0.49353,0.5,0.4,-0.1,750,0.03077,0.09364,0.00832,1.3685,0.3462,0.9509,0.36,0.04684,LOW,Explosive
1418,Treated,0.077609,0.1849,1.2843,0.9357,0.6297,1.1656,23024.0,3,0.51284,0.5,0.5,0.0,1000,0.02585,0.2796,0.06722,2.5478,0.3388,1.0177,0.5,0.05176,HIGH,Invasive
9A2C,Treated,0.072076,0.2315,1.5968,1.073,1.1463,1.1708,20302.0,1,0.39486,0.5,0.5,0.0,1000,0.02585,0.2796,0.06722,2.5478,0.3388,1.0177,0.5,0.04623,HIGH,Invasive
9A2C,Treated,0.072076,0.2315,1.5968,1.073,1.1463,1.1708,20302.0,2,0.41315,0.4,0.6,0.1,500,0.03872,0.14124,0.24389,4.2736,0.3581,1.5529,0.66,0.03335,LOW,Invasive
9A2C,Treated,0.072076,0.2315,1.5968,1.073,1.1463,1.1708,20302.0,3,0.41887,0.5,0.5,0.0,750,0.02585,0.2796,0.06722,2.5478,0.3388,1.0177,0.5,0.04623,HIGH,Invasive
A98C,Control,0.037975,0.2446,1.1708,0.9516,1.4907,1.11,21692.3,1,0.50486,0.6,0.4,0.2,750,0.0,0.02,0.00398,0.7755,0.3,0.8396,0.48,0.03798,LOW,Explosive
A98C,Control,0.037975,0.2446,1.1708,0.9516,1.4907,1.11,21692.3,2,0.51384,0.6,0.4,0.2,1000,0.0,0.02,0.00398,0.7755,0.3,0.8396,0.48,0.03798,LOW,Explosive
A98C,Control,0.037975,0.2446,1.1708,0.9516,1.4907,1.11,21692.3,3,0.53368,0.6,0.4,0.2,500,0.0,0.02,0.00398,0.7755,0.3,0.8396,0.48,0.03798,LOW,Explosive
AD6C,Treated,0.168922,0.3517,1.3785,1.0682,1.0822,1.0365,13539.1,1,0.73927,0.3,0.5,-0.1,200,0.10359,0.17887,0.21951,3.7491,0.4554,1.3391,0.45,0.06533,HIGH,Necrotic
AD6C,Treated,0.168922,0.3517,1.3785,1.0682,1.0822,1.0365,13539.1,2,0.74856,0.3,0.4,-0.1,500,0.15041,0.23024,0.05965,2.6509,0.5256,1.035,0.36,0.01851,HIGH,Necrotic
AD6C,Treated,0.168922,0.3517,1.3785,1.0682,1.0822,1.0365,13539.1,3,0.75171,0.3,0.4,-0.1,750,0.15041,0.23024,0.05965,2.6509,0.5256,1.035,0.36,0.01851,HIGH,Necrotic
A3FF,Control,0.015564,0.2144,2.0563,1.6442,1.4061,0.9057,16708.0,1,0.28823,0.3,0.8,0.2,200,0.00092,0.0086,1.97007,5.3395,0.3014,2.2616,0.96,0.01464,LOW,Efficient
A3FF,Control,0.015564,0.2144,2.0563,1.6442,1.4061,0.9057,16708.0,2,0.30005,0.4,0.8,0.2,200,0.00063,0.01447,1.21367,5.2216,0.3009,2.2059,0.96,0.01494,LOW,Efficient
A3FF,Control,0.015564,0.2144,2.0563,1.6442,1.4061,0.9057,16708.0,3,0.30802,0.3,0.8,0.2,350,0.00125,0.00806,2.12336,5.4677,0.3019,2.2912,0.96,0.01431,LOW,Efficient
9286,Treated,0.036907,0.2877,1.5788,1.1412,0.935,0.9367,24108.1,1,0.26209,0.4,0.6,0.0,350,0.02523,0.14252,0.29769,4.6229,0.3378,1.6226,0.6,0.01168,LOW,Invasive
9286,Treated,0.036907,0.2877,1.5788,1.1412,0.935,0.9367,24108.1,2,0.32482,0.4,0.6,0.1,350,0.03016,0.13344,0.2884,4.3036,0.3452,1.5829,0.66,0.00675,LOW,Invasive
9286,Treated,0.036907,0.2877,1.5788,1.1412,0.935,0.9367,24108.1,3,0.34858,0.3,0.6,0.1,500,0.04634,0.12146,0.3293,5.1725,0.3695,1.7537,0.66,-0.00943,LOW,Invasive
B778,Control,0.049471,0.3782,1.7839,1.2401,0.6147,0.9851,22283.4,1,0.31244,0.3,0.6,-0.1,750,0.05243,0.11229,0.28164,4.9222,0.3786,1.7307,0.54,-0.00296,LOW,Invasive
B778,Control,0.049471,0.3782,1.7839,1.2401,0.6147,0.9851,22283.4,2,0.34387,0.4,0.6,0.0,350,0.02523,0.14252,0.29769,4.6229,0.3378,1.6226,0.6,0.02424,LOW,Invasive
B778,Control,0.049471,0.3782,1.7839,1.2401,0.6147,0.9851,22283.4,3,0.35202,0.3,0.6,-0.2,500,0.03999,0.12746,0.31826,5.0562,0.36,1.7232,0.48,0.00948,LOW,Invasive
BE6F,Control,0.027759,0.28,1.8138,1.217,0.3401,0.9987,20569.6,1,0.26238,0.3,0.7,-0.2,200,0.00106,0.02185,1.01277,5.2107,0.3016,2.1662,0.56,0.0267,LOW,Efficient
BE6F,Control,0.027759,0.28,1.8138,1.217,0.3401,0.9987,20569.6,2,0.28486,0.3,0.6,-0.2,500,0.03999,0.12746,0.31826,5.0562,0.36,1.7232,0.48,-0.01223,LOW,Invasive
BE6F,Control,0.027759,0.28,1.8138,1.217,0.3401,0.9987,20569.6,3,0.29985,0.4,0.6,-0.2,200,0.02055,0.15184,0.35029,4.781,0.3308,1.6319,0.48,0.00721,HIGH,Invasive
A9BA,Control,0.082427,0.5904,1.4605,1.0644,0.2297,1.0116,21182.5,1,0.46558,0.3,0.5,-0.1,200,0.10359,0.17887,0.21951,3.7491,0.4554,1.3391,0.45,-0.02116,HIGH,Necrotic
A9BA,Control,0.082427,0.5904,1.4605,1.0644,0.2297,1.0116,21182.5,2,0.47484,0.3,0.5,-0.2,200,0.11749,0.16059,0.16163,3.2214,0.4762,1.2645,0.4,-0.03506,HIGH,Necrotic
A9BA,Control,0.082427,0.5904,1.4605,1.0644,0.2297,1.0116,21182.5,3,0.4945,0.3,0.6,-0.2,750,0.05694,0.12311,0.26179,4.7764,0.3854,1.6725,0.48,0.02548,LOW,Invasive
B663,Treated,0.059897,0.3644,1.7129,1.1109,0.5855,1.1476,14312.4,1,0.3034,0.3,0.6,-0.1,750,0.05243,0.11229,0.28164,4.9222,0.3786,1.7307,0.54,0.00747,LOW,Invasive
B663,Treated,0.059897,0.3644,1.7129,1.1109,0.5855,1.1476,14312.4,2,0.34974,0.3,0.6,-0.2,750,0.05694,0.12311,0.26179,4.7764,0.3854,1.6725,0.48,0.00295,LOW,Invasive
B663,Treated,0.059897,0.3644,1.7129,1.1109,0.5855,1.1476,14312.4,3,0.38281,0.3,0.6,0.0,750,0.06927,0.1246,0.28244,5.1498,0.4039,1.7226,0.6,-0.00937,LOW,Necrotic
143F,Treated,0.03803,0.19,1.9457,1.1084,0.8828,1.0935,21071.7,1,0.41802,0.4,0.6,0.0,350,0.02523,0.14252,0.29769,4.6229,0.3378,1.6226,0.6,0.0128,LOW,Invasive
143F,Treated,0.03803,0.19,1.9457,1.1084,0.8828,1.0935,21071.7,2,0.43148,0.4,0.8,-0.1,350,0.00077,0.01376,1.31668,5.411,0.3012,2.2492,0.72,0.03726,LOW,Efficient
143F,Treated,0.03803,0.19,1.9457,1.1084,0.8828,1.0935,21071.7,3,0.43167,0.3,0.8,0.0,500,0.00152,0.00862,2.156,5.8407,0.3023,2.3645,0.8,0.03651,LOW,Efficient
A8A0,Treated,0.051725,0.4012,1.1667,1.0242,0.7686,1.1092,21161.8,1,0.43836,0.5,0.4,-0.1,750,0.03077,0.09364,0.00832,1.3685,0.3462,0.9509,0.36,0.02096,LOW,Explosive
A8A0,Treated,0.051725,0.4012,1.1667,1.0242,0.7686,1.1092,21161.8,2,0.44909,0.5,0.4,-0.1,1000,0.03077,0.09364,0.00832,1.3685,0.3462,0.9509,0.36,0.02096,LOW,Explosive
A8A0,Treated,0.051725,0.4012,1.1667,1.0242,0.7686,1.1092,21161.8,3,0.47086,0.5,0.4,-0.1,500,0.03077,0.09364,0.00832,1.3685,0.3462,0.9509,0.36,0.02096,LOW,Explosive
AA11,Control,0.079636,0.4365,1.6598,1.0565,1.3327,1.1269,22217.1,1,0.38287,0.3,0.6,0.0,750,0.06927,0.1246,0.28244,5.1498,0.4039,1.7226,0.6,0.01037,LOW,Necrotic
AA11,Control,0.079636,0.4365,1.6598,1.0565,1.3327,1.1269,22217.1,2,0.43581,0.3,0.6,0.1,500,0.04634,0.12146,0.3293,5.1725,0.3695,1.7537,0.66,0.0333,LOW,Invasive
AA11,Control,0.079636,0.4365,1.6598,1.0565,1.3327,1.1269,22217.1,3,0.46958,0.4,0.6,0.1,500,0.03872,0.14124,0.24389,4.2736,0.3581,1.5529,0.66,0.04091,LOW,Invasive
